timestamp,presence,distance
2026-02-26 18:09:29,0,0
2026-02-26 18:09:30,1,482.2219406041164
2026-02-26 18:09:42,1,498.7604635493876
2026-02-26 18:09:53,0,508.8113599360769
2026-02-26 18:09:54,0,503.60500394654537
2026-02-26 18:09:55,0,571.0236422425958
2026-02-26 18:09:56,0,515.5899533544074
2026-02-26 18:09:57,0,657.2183807533079
2026-02-26 18:09:58,0,698.5499266337374
2026-02-26 18:09:59,0,645.1821448242349
2026-02-26 18:10:00,0,630.6322224561634
2026-02-26 18:10:01,0,527.8001515725437
2026-02-26 18:10:02,1,474.79785172218294
2026-02-26 18:10:14,1,380.38401648860065
2026-02-26 18:10:25,0,710.769301531798
2026-02-26 18:10:26,0,730.458759958425
2026-02-26 18:10:27,0,742.8983779764228
2026-02-26 18:10:28,0,720.7731959500159
2026-02-26 18:10:29,0,692.9249598621773
2026-02-26 18:10:30,0,673.8909407315103
2026-02-26 18:10:31,0,635.8883549806523
2026-02-26 18:10:32,0,621.6373540899871
2026-02-26 18:10:33,0,613.0815606426277
2026-02-26 18:10:34,0,581.2486559124245
2026-02-26 18:10:35,0,542.0055350270881
2026-02-26 18:10:36,0,528.9461220200031
2026-02-26 18:10:37,0,557.2019382593711
2026-02-26 18:10:38,0,578.4755828900646
2026-02-26 18:10:39,0,581.9699304946948
2026-02-26 18:10:40,0,581.257258019201
2026-02-26 18:10:41,0,571.3580313603721
2026-02-26 18:10:42,0,532.2875162917124
2026-02-26 18:10:43,0,528.5536869609368
2026-02-26 18:10:44,0,543.0598493720559
2026-02-26 18:10:45,0,546.6305882403582
2026-02-26 18:10:46,0,537.5546483847014
2026-02-26 18:10:47,0,539.4237666250904
2026-02-26 18:10:48,0,536.7308450238351
2026-02-26 18:10:49,0,507.6219065406851
2026-02-26 18:10:50,1,495.7035404352081
2026-02-26 18:11:02,0,688.7234568388099
2026-02-26 18:11:03,0,719.2753297590568
2026-02-26 18:11:04,0,735.2013329694119
2026-02-26 18:11:05,0,697.917616914776
2026-02-26 18:11:06,0,628.2435833337257
2026-02-26 18:11:07,0,655.8147604316329
2026-02-26 18:11:08,0,682.4932234095809
2026-02-26 18:11:09,0,670.672796525996
2026-02-26 18:16:52.966604,0,0
2026-02-26 18:16:53.967086,0,0
2026-02-26 18:16:54.967548,0,0
2026-02-26 18:16:55.968005,0,0
2026-02-26 18:16:56.968452,0,0
2026-02-26 18:16:57.968883,0,0
2026-02-26 18:16:58.969299,0,0
2026-02-26 18:16:59.969742,0,0
2026-02-26 18:17:00.970189,0,0
2026-02-26 18:17:01.970636,0,0
2026-02-26 18:17:02.972052,0,0
2026-02-26 18:17:03.972464,0,0
2026-02-26 18:17:04.973176,0,0
2026-02-26 18:17:05.973688,0,0
2026-02-26 18:17:06.974144,0,0
2026-02-26 18:17:07.974655,0,0
2026-02-26 18:17:13.090416,0,0
2026-02-26 18:17:14.090937,0,0
2026-02-26 18:17:15.091440,0,0
2026-02-26 18:17:16.091872,0,0
2026-02-26 18:17:17.092217,0,0
2026-02-26 18:17:18.092663,0,0
2026-02-26 18:17:19.093111,0,0
2026-02-26 18:18:42.187115,0,0
2026-02-26 18:18:42.187221,0,0
2026-02-26 18:18:43.187659,0,0
2026-02-26 18:18:44.188062,0,0
2026-02-26 18:18:45.188532,0,0
2026-02-26 18:18:46.188993,0,0
2026-02-26 18:18:47.189401,0,0
2026-02-26 18:18:48.190010,0,0
2026-02-26 18:18:49.190585,0,0
2026-02-26 18:18:50.191120,0,0
2026-02-26 18:18:51.191608,0,0
2026-02-26 18:19:21.195213,0,0
2026-02-26 18:19:21.195382,0,0
2026-02-26 18:19:21.295700,1,368.67600952597934
2026-02-26 18:19:21.396094,1,366.61287484211465
2026-02-26 18:19:21.496487,1,361.99585632987566
2026-02-26 18:19:21.596879,1,359.7554725087584
2026-02-26 18:19:21.697317,1,359.5622338344226
2026-02-26 18:19:21.797757,1,359.9124893637341
2026-02-26 18:19:21.898190,1,361.23399618529817
2026-02-26 18:19:21.998617,1,361.8756692567214
2026-02-26 18:19:22.099045,1,364.0054944640259
2026-02-26 18:19:22.195820,1,364.0054944640259
2026-02-26 18:19:22.199390,1,370.4065334197009
2026-02-26 18:19:22.299793,1,379.6801285292661
2026-02-26 18:19:22.400211,1,388.2743875148089
2026-02-26 18:19:22.500631,1,399.06139878469827
2026-02-26 18:19:22.601078,1,402.657422631199
2026-02-26 18:19:22.702192,1,401.0797925600341
2026-02-26 18:19:22.802831,1,401.86813757748945
2026-02-26 18:19:22.903388,1,400.9102143872116
2026-02-26 18:19:23.003949,1,392.3263947276553
2026-02-26 18:19:23.106397,1,375.5369489144843
2026-02-26 18:19:23.208286,1,370.3093301552096
2026-02-26 18:19:23.309028,1,371.6517186829626
2026-02-26 18:19:23.409682,1,370.8503741402993
2026-02-26 18:19:23.510276,1,370.11484704075303
2026-02-26 18:19:23.610731,1,371.47409061736727
2026-02-26 18:19:23.711227,1,370.69664147386067
2026-02-26 18:19:23.811753,1,369.80265007162944
2026-02-26 18:19:23.912303,1,371.3071504832623
2026-02-26 18:19:24.012864,1,372.2069316925734
2026-02-26 18:19:24.113316,1,369.8986347636336
2026-02-26 18:19:24.213805,1,366.7219655270188
2026-02-26 18:19:24.314361,1,364.90683742566404
2026-02-26 18:19:24.414910,1,362.5051723768917
2026-02-26 18:19:24.515408,1,358.5596184736926
2026-02-26 18:19:24.618040,1,357.08962460424414
2026-02-26 18:19:24.722234,1,354.26684857604164
2026-02-26 18:19:24.823007,1,351.4498541755282
2026-02-26 18:19:24.923446,1,347.92240514229604
2026-02-26 18:19:25.023885,1,345.83377510011945
2026-02-26 18:19:25.124320,1,345.86268951709724
2026-02-26 18:19:25.224751,1,347.3110997362451
2026-02-26 18:19:25.325198,1,347.4492768736179
2026-02-26 18:19:25.425628,1,346.0939178893498
2026-02-26 18:19:25.526071,1,344.814442852964
2026-02-26 18:19:25.626510,1,344.14531814336806
2026-02-26 18:19:25.726958,1,343.55931074561204
2026-02-26 18:19:25.830272,1,341.57576026410305
2026-02-26 18:19:25.933386,1,344.3980255460243
2026-02-26 18:19:26.034123,1,346.7636082405419
2026-02-26 18:19:26.134731,1,346.8731756708783
2026-02-26 18:19:26.238096,1,344.17001612575143
2026-02-26 18:19:26.338552,1,344.17001612575143
2026-02-26 18:19:26.439070,1,345.5792239125495
2026-02-26 18:19:26.539579,1,347.6348659153739
2026-02-26 18:19:26.640075,1,350.4539912741757
2026-02-26 18:19:26.740575,1,358.93871343169434
2026-02-26 18:19:26.841063,1,363.6756796927724
2026-02-26 18:19:26.941715,1,369.8715993422582
2026-02-26 18:19:27.042371,1,377.59766948433355
2026-02-26 18:19:27.144275,1,384.0690042166902
2026-02-26 18:19:27.246274,1,388.54214700595867
2026-02-26 18:19:27.347457,1,388.6708118704053
2026-02-26 18:19:27.448429,1,388.0
2026-02-26 18:19:27.549141,1,392.3901120058965
2026-02-26 18:19:27.649811,1,394.54910974427503
2026-02-26 18:19:27.750462,1,394.54910974427503
2026-02-26 18:19:27.851061,1,393.72325305981104
2026-02-26 18:19:27.951685,1,392.1683312048539
2026-02-26 18:19:28.052314,1,392.84220750830735
2026-02-26 18:19:28.152950,1,390.6328199217265
2026-02-26 18:19:28.253589,1,384.79345108772316
2026-02-26 18:19:28.354268,1,381.8795621658745
2026-02-26 18:19:28.454903,1,384.0377585602749
2026-02-26 18:19:28.555564,1,391.1738743832466
2026-02-26 18:19:28.656410,1,394.7708195903036
2026-02-26 18:19:28.757200,1,394.0012690334893
2026-02-26 18:19:28.857822,1,393.96573455060786
2026-02-26 18:19:28.958430,1,394.65681294005304
2026-02-26 18:19:29.059064,1,388.9730067755345
2026-02-26 18:19:29.159571,1,389.76018267647606
2026-02-26 18:19:29.260085,1,394.9936708353692
2026-02-26 18:19:29.360703,1,400.37107787651195
2026-02-26 18:19:29.461219,1,406.6509559806788
2026-02-26 18:19:29.561744,1,411.3939717594316
2026-02-26 18:19:29.662262,1,421.5269860874865
2026-02-26 18:19:29.762782,1,428.2289107475113
2026-02-26 18:19:29.863413,1,437.65283044897586
2026-02-26 18:19:29.966154,1,440.21472033542904
2026-02-26 18:19:30.066796,1,441.8065187386895
2026-02-26 18:19:30.167280,1,439.42007236811565
2026-02-26 18:19:30.267821,1,436.6886762901003
2026-02-26 18:19:30.368699,1,432.7609039643022
2026-02-26 18:19:30.469313,1,426.67083331298846
2026-02-26 18:19:30.569938,1,415.3516582367284
2026-02-26 18:19:30.670585,1,410.11461812522606
2026-02-26 18:19:30.771198,1,404.90122252223443
2026-02-26 18:19:30.871831,1,401.1234224026316
2026-02-26 18:19:30.972434,1,392.65761166695853
2026-02-26 18:19:31.073081,1,384.29415816533043
2026-02-26 18:19:31.175797,1,380.8214804865923
2026-02-26 18:19:31.276389,1,380.8214804865923
2026-02-26 18:19:31.377100,1,391.41410296513334
2026-02-26 18:19:31.477668,1,396.8400181433319
2026-02-26 18:19:31.578336,1,402.3145535523168
2026-02-26 18:19:31.678985,1,402.9342378105886
2026-02-26 18:19:31.779609,1,401.36766187624033
2026-02-26 18:19:31.880240,1,398.8746670321393
2026-02-26 18:19:31.980854,1,395.63746030930895
2026-02-26 18:19:32.081489,1,391.6758864163072
2026-02-26 18:19:32.182106,1,387.87240169932176
2026-02-26 18:19:32.282709,1,382.0274859221519
2026-02-26 18:19:32.383365,1,375.5369489144843
2026-02-26 18:19:32.484307,1,369.14089451048363
2026-02-26 18:19:32.585175,1,364.156559737704
2026-02-26 18:19:32.685967,1,359.92221381848606
2026-02-26 18:19:32.786690,1,354.2767279966326
2026-02-26 18:19:32.887304,1,345.80919594481577
2026-02-26 18:19:32.987903,1,337.6536687198882
2026-02-26 18:19:33.088514,1,328.9331239021087
2026-02-26 18:19:33.189113,1,319.53247096343745
2026-02-26 18:19:33.289739,1,311.01446911679204
2026-02-26 18:19:33.390364,1,304.0148022712052
2026-02-26 18:19:33.490997,1,299.8216136305053
2026-02-26 18:19:33.591502,1,296.8113879216901
2026-02-26 18:19:33.692011,1,291.0068727710739
2026-02-26 18:19:33.792520,1,288.80443209895515
2026-02-26 18:19:33.814445,1,288.80443209895515
2026-02-26 18:19:33.893019,1,292.4055403031892
2026-02-26 18:19:33.993528,1,297.8355250805384
2026-02-26 18:19:34.094142,1,307.13189349203054
2026-02-26 18:19:34.194607,1,319.8327688026979
2026-02-26 18:19:34.295966,1,330.3407331831786
2026-02-26 18:19:34.396563,1,337.0356064275702
2026-02-26 18:19:34.497212,1,335.49068541466244
2026-02-26 18:19:34.597809,1,336.6570955735227
2026-02-26 18:19:34.698464,1,345.2028389222777
2026-02-26 18:19:34.799040,1,356.8094729684177
2026-02-26 18:19:34.899736,1,392.1849053699033
2026-02-26 18:19:35.000399,1,418.63229689072006
2026-02-26 18:19:35.101173,1,455.83439975499874
2026-02-26 18:19:35.206115,0,568.3000967798615
2026-02-26 18:19:35.306961,0,607.1342520398598
2026-02-26 18:19:35.407666,0,647.2356603278283
2026-02-26 18:19:35.508341,0,665.2578447489365
2026-02-26 18:19:35.610792,0,689.6557112066861
2026-02-26 18:19:35.711868,0,694.740958919222
2026-02-26 18:19:35.814817,0,706.2811055096972
2026-02-26 18:19:35.916494,0,739.6032720317021
2026-02-26 18:19:36.022120,0,757.9670177520919
2026-02-26 18:19:36.122666,0,773.0853769151245
2026-02-26 18:19:36.223214,0,783.3160281776443
2026-02-26 18:19:36.323895,0,781.6245901965982
2026-02-26 18:19:36.424529,0,779.7358527091081
2026-02-26 18:19:36.525177,0,781.0768208057386
2026-02-26 18:19:36.625808,0,786.1628330059874
2026-02-26 18:19:36.726461,0,781.0057618225361
2026-02-26 18:19:36.827113,0,778.0314903652679
2026-02-26 18:19:36.927759,0,777.1647187051146
2026-02-26 18:19:37.028476,0,769.4394063212516
2026-02-26 18:19:37.130208,0,766.7105059929726
2026-02-26 18:19:37.231974,0,760.9001248521386
2026-02-26 18:19:37.332420,0,753.9582216542241
2026-02-26 18:19:37.432817,0,750.8635029084847
2026-02-26 18:19:37.533256,0,744.6455532667875
2026-02-26 18:19:37.633656,0,740.4924037422667
2026-02-26 18:19:37.734044,0,737.2991251859722
2026-02-26 18:19:37.834425,0,734.1335028453612
2026-02-26 18:19:37.934817,0,735.0680240630795
2026-02-26 18:19:38.035215,0,735.0108842731514
2026-02-26 18:19:38.135613,0,732.1338675406295
2026-02-26 18:19:38.236006,0,729.3949547398857
2026-02-26 18:19:38.336468,0,726.8920139883228
2026-02-26 18:19:38.437341,0,724.3376284578898
2026-02-26 18:19:38.537894,0,720.7364289391788
2026-02-26 18:19:38.638316,0,715.964384589066
2026-02-26 18:19:38.738716,0,709.0592358893579
2026-02-26 18:19:38.839132,0,702.3168800477459
2026-02-26 18:19:38.939542,0,691.3522980362472
2026-02-26 18:19:39.039951,0,685.0087590680866
2026-02-26 18:19:39.140375,0,678.8497624658935
2026-02-26 18:19:39.240796,0,676.0177512462228
2026-02-26 18:19:39.341266,0,675.8527946232078
2026-02-26 18:19:39.441840,0,677.1897813759449
2026-02-26 18:19:39.542319,0,676.6720032630285
2026-02-26 18:19:39.642830,0,676.2795280059865
2026-02-26 18:19:39.743310,0,666.9527719411623
2026-02-26 18:19:39.843786,0,660.1855799697537
2026-02-26 18:19:39.944177,0,645.8266021154594
2026-02-26 18:19:40.044617,0,629.832517420306
2026-02-26 18:19:40.145134,0,626.3625148426429
2026-02-26 18:19:40.245612,0,621.8946856180715
2026-02-26 18:19:40.346065,0,613.5535836420484
2026-02-26 18:19:40.446708,0,593.3877315887142
2026-02-26 18:19:40.547212,0,588.2533467818097
2026-02-26 18:19:40.647701,0,582.7400792806343
2026-02-26 18:19:40.748200,0,582.6190865393959
2026-02-26 18:19:40.848696,0,580.576437689302
2026-02-26 18:19:40.949332,0,576.2751079128788
2026-02-26 18:19:41.050520,0,575.6813354625978
2026-02-26 18:19:41.151033,0,579.6447187717663
2026-02-26 18:19:41.251517,0,589.460770535241
2026-02-26 18:19:41.351949,0,592.1596068628795
2026-02-26 18:19:41.452352,0,584.0719133805356
2026-02-26 18:19:41.552775,0,571.9877621068479
2026-02-26 18:19:41.653184,0,562.640204749003
2026-02-26 18:19:41.753772,0,561.8300454763878
2026-02-26 18:19:41.854347,0,563.7730039652484
2026-02-26 18:19:41.954758,0,567.5253298311891
2026-02-26 18:20:47.799127,0,0
2026-02-26 18:20:47.799277,0,0
2026-02-26 18:20:47.899680,0,762.779129237291
2026-02-26 18:20:48.000066,0,764.8169715690153
2026-02-26 18:20:48.100428,0,761.5595840116517
2026-02-26 18:20:48.200784,0,764.4291988143833
2026-02-26 18:20:48.301135,0,768.0013020822296
2026-02-26 18:20:48.401486,0,756.0165342107274
2026-02-26 18:20:48.501845,0,752.1096994454998
2026-02-26 18:20:48.602198,0,746.6759672039807
2026-02-26 18:20:48.702547,0,661.0030257116831
2026-02-26 18:20:48.799703,0,661.0030257116831
2026-02-26 18:20:48.802858,0,621.0008051524571
2026-02-26 18:20:48.903194,0,588.1742938959505
2026-02-26 18:20:49.003544,0,575.6813354625978
2026-02-26 18:20:49.103884,0,573.1605359757422
2026-02-26 18:20:49.204225,0,568.5578246757317
2026-02-26 18:20:49.304562,0,560.1731875054356
2026-02-26 18:20:49.404921,0,549.8745311432418
2026-02-26 18:20:49.505275,0,537.6327742985912
2026-02-26 18:20:49.605623,0,528.365403863652
2026-02-26 18:20:49.705978,0,526.5624369436164
2026-02-26 18:20:49.800099,0,526.5624369436164
2026-02-26 18:20:49.806286,0,514.2081290683764
2026-02-26 18:20:49.906614,0,505.9644256269407
2026-02-26 18:20:50.007018,0,506.95660563799737
2026-02-26 18:20:50.107454,0,508.86245685843244
2026-02-26 18:20:50.207898,0,512.609988197655
2026-02-26 18:20:50.308330,0,604.6924838295909
2026-02-26 18:20:50.408751,0,626.1892685123245
2026-02-26 18:20:50.509191,0,647.114363926501
2026-02-26 18:20:50.609625,0,661.151268621637
2026-02-26 18:20:50.710080,0,672.402409275874
2026-02-26 18:20:50.800459,0,672.402409275874
2026-02-26 18:20:50.810579,0,683.3915422362205
2026-02-26 18:20:50.911052,0,690.9594778277523
2026-02-26 18:20:51.011513,0,693.6548132897227
2026-02-26 18:20:51.111970,0,691.5583850984673
2026-02-26 18:20:51.212431,0,682.6726887755215
2026-02-26 18:20:51.312904,0,649.8776807984715
2026-02-26 18:20:51.413406,0,611.57174558673
2026-02-26 18:20:51.513881,0,578.0631453396766
2026-02-26 18:20:51.614379,0,564.7264824673977
2026-02-26 18:20:51.714857,0,563.0568354970926
2026-02-26 18:20:51.800866,0,563.0568354970926
2026-02-26 18:20:51.815315,0,560.7361233236182
2026-02-26 18:20:51.915894,0,556.0593493504089
2026-02-26 18:20:52.016395,0,548.8843229679638
2026-02-26 18:20:52.116878,0,538.310319425515
2026-02-26 18:20:52.217360,0,529.1578214483842
2026-02-26 18:20:52.317848,0,522.9464599746326
2026-02-26 18:20:52.418393,0,517.0889672000361
2026-02-26 18:20:52.518898,0,512.0390610099976
2026-02-26 18:20:52.619393,0,519.7730273879167
2026-02-26 18:20:52.719863,0,532.5147885270418
2026-02-26 18:20:52.801285,0,532.5147885270418
2026-02-26 18:20:52.820377,0,544.192061684108
2026-02-26 18:20:52.920868,0,554.7585060186099
2026-02-26 18:20:53.021266,0,579.6697335552375
2026-02-26 18:20:53.121640,0,587.7048579006303
2026-02-26 18:20:53.222025,0,594.084169120841
2026-02-26 18:20:53.322400,0,577.8174452195087
2026-02-26 18:20:53.422782,0,522.8164113720992
2026-02-26 18:20:53.523165,0,537.3202024863759
2026-02-26 18:20:53.623547,0,552.4608583420187
2026-02-26 18:20:53.723912,0,557.294356691327
2026-02-26 18:20:53.801664,0,557.294356691327
2026-02-26 18:20:53.824270,0,562.4464418946927
2026-02-26 18:20:53.924631,0,564.2809583886382
2026-02-26 18:20:54.025016,0,567.6838909111302
2026-02-26 18:20:54.125364,0,570.7933075991693
2026-02-26 18:20:54.225730,0,577.748215055659
2026-02-26 18:20:54.326095,0,587.7312310912191
2026-02-26 18:20:54.426476,0,611.9673193888706
2026-02-26 18:20:54.526865,0,673.9094894716945
2026-02-26 18:20:54.627247,0,649.30809328084
2026-02-26 18:20:54.727631,0,625.4118642942425
2026-02-26 18:20:54.802106,0,625.4118642942425
2026-02-26 18:20:54.827970,0,629.6641962189052
2026-02-26 18:20:54.928309,0,630.4514255674262
2026-02-26 18:20:55.028694,0,503.52557035368125
2026-02-26 18:20:55.129070,1,479.8854029870048
2026-02-26 18:20:55.229453,1,475.3830034824552
2026-02-26 18:20:55.329839,0,509.36234646860186
2026-02-26 18:20:55.430222,0,584.0077054286185
2026-02-26 18:20:55.530605,0,671.3069342707552
2026-02-26 18:20:55.630990,0,728.1428431290113
2026-02-26 18:20:55.731360,0,781.0640178628125
2026-02-26 18:20:55.802433,0,781.0640178628125
2026-02-26 18:20:55.831686,0,795.1918007625582
2026-02-26 18:20:55.932017,0,799.1507992863425
2026-02-26 18:20:56.032389,0,787.3836421973725
2026-02-26 18:20:56.132760,0,782.5918476447349
2026-02-26 18:20:56.233114,0,779.6544106205005
2026-02-26 18:20:56.333496,0,774.8961220705651
2026-02-26 18:20:56.433860,0,770.3220105903764
2026-02-26 18:20:56.534240,0,758.8814136609224
2026-02-26 18:20:56.634602,0,755.6354941372196
2026-02-26 18:20:56.734957,0,749.0220290485454
2026-02-26 18:20:56.802753,0,749.0220290485454
2026-02-26 18:20:56.835287,0,742.4991582486812
2026-02-26 18:20:56.935638,0,740.412047443854
2026-02-26 18:20:57.036011,0,743.790965258385
2026-02-26 18:20:57.136382,0,756.2274790035073
2026-02-26 18:20:57.236759,0,754.3348063028777
2026-02-26 18:20:57.337140,0,719.2781103300725
2026-02-26 18:20:57.437527,0,672.24177198386
2026-02-26 18:20:57.537910,0,651.9202405202649
2026-02-26 18:20:57.638310,0,685.6310961442749
2026-02-26 18:20:57.738694,0,699.9385687329996
2026-02-26 18:20:57.803075,0,699.9385687329996
2026-02-26 18:20:57.839019,0,729.3099478273966
2026-02-26 18:20:57.939452,0,767.5083061439791
2026-02-26 18:20:58.039935,0,808.579618837873
2026-02-26 18:20:58.140374,0,832.8961519901505
2026-02-26 18:20:58.240804,0,848.0094339097885
2026-02-26 18:20:58.341199,0,872.4093076073867
2026-02-26 18:20:58.441732,0,885.5337373584363
2026-02-26 18:20:58.542181,0,892.5693250386773
2026-02-26 18:20:58.642569,0,898.0924228608101
2026-02-26 18:20:58.742957,0,891.5228544462559
2026-02-26 18:20:58.803503,0,891.5228544462559
2026-02-26 18:20:58.843308,0,879.9931817917682
2026-02-26 18:20:58.943690,0,858.9202524099662
2026-02-26 18:20:59.044076,0,854.7683896822577
2026-02-26 18:20:59.144445,0,846.3108176078101
2026-02-26 18:20:59.244815,0,838.1390099500202
2026-02-26 18:20:59.345176,0,829.3328644157302
2026-02-26 18:20:59.445541,0,820.3078690345473
2026-02-26 18:20:59.545906,0,797.3838473407898
2026-02-26 18:20:59.646294,0,788.835217266572
2026-02-26 18:20:59.746676,0,783.4411273350411
2026-02-26 18:20:59.803929,0,783.4411273350411
2026-02-26 18:20:59.847015,0,779.310592767736
2026-02-26 18:20:59.947366,0,775.1032189328076
2026-02-26 18:21:00.048792,0,778.1240261038082
2026-02-26 18:21:00.149167,0,777.7461025296109
2026-02-26 18:21:00.249548,0,771.7512552629895
2026-02-26 18:21:00.349939,0,762.8905557155626
2026-02-26 18:21:00.450322,0,735.0027210833985
2026-02-26 18:21:00.550699,0,721.1171888119156
2026-02-26 18:21:00.651069,0,707.4517651402108
2026-02-26 18:21:00.751420,0,691.5728450423716
2026-02-26 18:21:00.804347,0,691.5728450423716
2026-02-26 18:21:00.851769,0,677.3891053154014
2026-02-26 18:21:00.952131,0,662.9155300639743
2026-02-26 18:21:01.052509,0,648.459713474939
2026-02-26 18:21:01.152874,0,633.4698098567918
2026-02-26 18:21:01.253245,0,607.1317814115812
2026-02-26 18:21:01.353620,0,602.6981002127019
2026-02-26 18:21:01.454001,0,602.432568840696
2026-02-26 18:21:01.554381,0,599.6965899519523
2026-02-26 18:21:01.654760,0,598.8731084294902
2026-02-26 18:21:01.755140,0,602.432568840696
2026-02-26 18:21:01.804694,0,602.432568840696
2026-02-26 18:21:01.855534,0,609.3381655534142
2026-02-26 18:21:01.955930,0,615.4624277728088
2026-02-26 18:21:02.056282,0,606.5789313848611
2026-02-26 18:21:02.156659,0,594.3618426514273
2026-02-26 18:21:02.257036,0,560.5577579518457
2026-02-26 18:21:02.357416,0,532.2800015029684
2026-02-26 18:21:02.457799,0,511.71281008002916
2026-02-26 18:21:02.558180,1,497.9176638762678
2026-02-26 18:21:02.658561,1,490.495667666902
2026-02-26 18:21:02.758943,1,490.1448765416201
2026-02-26 18:21:02.805030,1,490.1448765416201
2026-02-26 18:21:02.859327,0,500.27692331347845
2026-02-26 18:21:02.959703,0,504.8960289010006
2026-02-26 18:21:03.060068,0,509.00884078766256
2026-02-26 18:21:03.160443,0,512.0976469385502
2026-02-26 18:21:03.260883,0,512.2938609821515
2026-02-26 18:21:03.361571,0,511.0234828263766
2026-02-26 18:21:03.462053,0,505.8458263146984
2026-02-26 18:21:03.562527,1,493.4136195931361
2026-02-26 18:21:03.663021,1,473.1691029642574
2026-02-26 18:21:03.766837,1,453.86341557785863
2026-02-26 18:21:03.867389,1,437.00114416326187
2026-02-26 18:21:03.967797,1,422.09596065349876
2026-02-26 18:21:04.068189,1,413.9190742162047
2026-02-26 18:21:04.168560,1,411.50091129911243
2026-02-26 18:21:04.268920,1,410.396150079408
2026-02-26 18:21:04.369284,1,406.9262832504187
2026-02-26 18:21:04.469688,1,403.24310285484114
2026-02-26 18:21:04.574268,1,399.96249824202266
2026-02-26 18:21:04.678407,1,395.8951881495909
2026-02-26 18:21:04.779040,1,391.42943169874184
2026-02-26 18:21:04.879508,1,387.09172039711723
2026-02-26 18:21:04.979998,1,382.7701660265596
2026-02-26 18:21:05.080572,1,371.57637169228076
2026-02-26 18:21:05.181113,1,366.3836786757838
2026-02-26 18:21:05.281727,1,360.2721193764513
2026-02-26 18:21:05.385062,1,354.1708627202413
2026-02-26 18:21:05.485666,1,347.1440623141925
2026-02-26 18:21:05.586297,1,341.0630440255877
2026-02-26 18:21:05.690321,1,337.5574025258519
2026-02-26 18:21:05.790803,1,329.61189298931555
2026-02-26 18:21:05.891285,1,325.7759966602819
2026-02-26 18:21:05.991802,1,323.55679563254427
2026-02-26 18:21:06.092329,1,321.33782846095164
2026-02-26 18:21:06.192821,1,319.4526568992658
2026-02-26 18:21:06.293292,1,317.2333525971063
2026-02-26 18:21:06.393830,1,313.12936623702353
2026-02-26 18:21:06.494451,1,309.02588888311607
2026-02-26 18:21:06.595216,1,303.6445290137795
2026-02-26 18:21:06.696124,1,302.3673262771624
2026-02-26 18:21:06.796707,1,300.1482966801578
2026-02-26 18:21:06.897085,1,297.5987231155403
2026-02-26 18:21:06.997539,1,294.10882339705483
2026-02-26 18:21:07.097938,1,294.10882339705483
2026-02-26 18:21:07.198336,1,293.1637767528587
2026-02-26 18:21:07.298720,1,290.0017241328058
2026-02-26 18:21:07.399105,1,287.7846417027844
2026-02-26 18:21:07.499518,1,286.5135249861689
2026-02-26 18:21:07.599906,1,284.9227965607526
2026-02-26 18:21:07.700285,1,283.9753510430087
2026-02-26 18:21:07.800708,1,282.7083302628347
2026-02-26 18:21:07.901168,1,281.44271175498574
2026-02-26 18:21:08.001686,1,279.8660393831306
2026-02-26 18:21:08.102070,1,275.7571395267945
2026-02-26 18:21:08.202445,1,274.19153889206723
2026-02-26 18:21:08.302825,1,274.85450696686786
2026-02-26 18:21:08.403207,1,274.2498860528478
2026-02-26 18:21:08.503597,1,274.93453766305896
2026-02-26 18:21:08.603983,1,276.81221071332817
2026-02-26 18:21:08.704363,1,276.81221071332817
2026-02-26 18:21:08.804788,1,276.4706132665821
2026-02-26 18:21:08.905252,1,273.22152184628504
2026-02-26 18:21:09.005786,1,270.37936311782374
2026-02-26 18:21:09.106308,1,270.05925275761246
2026-02-26 18:21:09.206949,1,269.75729832573575
2026-02-26 18:21:09.307741,1,270.4163456597992
2026-02-26 18:21:09.408199,1,272.63528751795866
2026-02-26 18:21:09.508591,1,274.5214017157861
2026-02-26 18:21:09.608975,1,275.7970268150112
2026-02-26 18:21:09.709356,1,278.01618657912707
2026-02-26 18:21:09.809808,1,278.69158580768095
2026-02-26 18:21:09.910189,1,280.0803456153252
2026-02-26 18:21:10.010590,1,281.5190934910099
2026-02-26 18:21:10.110984,1,283.2331195323033
2026-02-26 18:21:10.211427,1,287.34648075102643
2026-02-26 18:21:10.311838,1,291.1940933466886
2026-02-26 18:21:10.412328,1,295.6095397648729
2026-02-26 18:21:10.514283,1,303.14517974066484
2026-02-26 18:21:10.615026,1,306.2972412543084
2026-02-26 18:21:10.715622,1,309.9435432461854
2026-02-26 18:21:10.816048,1,312.0288448204749
2026-02-26 18:21:10.916510,1,314.2689930616764
2026-02-26 18:21:11.016994,1,316.8911485037094
2026-02-26 18:21:11.117472,1,321.4000622277475
2026-02-26 18:21:11.218014,1,334.0688551780905
2026-02-26 18:21:11.318406,1,338.53360246805636
2026-02-26 18:21:11.418793,1,343.29287787543745
2026-02-26 18:21:11.519178,1,347.2203911062828
2026-02-26 18:21:11.619592,1,351.2064919673325
2026-02-26 18:21:11.719987,1,355.9845502265513
2026-02-26 18:21:11.820440,1,357.24641355792505
2026-02-26 18:21:11.920869,1,358.5596184736926
2026-02-26 18:21:12.021283,1,363.45563690772497
2026-02-26 18:21:12.122652,1,368.4033116029225
2026-02-26 18:21:12.223064,1,372.6781453211336
2026-02-26 18:21:12.323440,1,376.27649408380535
2026-02-26 18:21:12.423821,1,380.63630935579437
2026-02-26 18:21:12.524197,1,384.14710723888055
2026-02-26 18:21:12.624573,1,386.9328107049078
2026-02-26 18:21:12.724949,1,393.2429274634192
2026-02-26 18:21:35.931125,0,0
2026-02-26 18:21:35.931191,0,0
2026-02-26 18:21:36.931723,1,489.41189196830925
2026-02-26 18:21:36.931789,0,0
2026-02-26 18:21:37.932359,1,489.41189196830925
2026-02-26 18:21:37.932430,1,460.92190227846623
2026-02-26 18:21:38.933460,1,470.33817620941636
2026-02-26 18:21:39.934038,0,501.42297514174595
2026-02-26 18:21:40.934452,1,484.65348446080526
2026-02-26 18:21:41.934838,1,464.06141834890775
2026-02-26 18:21:42.935301,1,392.5213369996592
2026-02-26 18:21:43.936007,1,319.6075718752608
2026-02-26 18:21:44.936415,1,281.30055101261354
2026-02-26 18:21:45.937010,1,409.76578676116924
2026-02-26 18:21:46.938708,0,864.13540605625
2026-02-26 18:21:47.939390,0,1035.4979478492462
2026-02-26 18:21:48.939797,0,1102.207330768581
2026-02-26 18:21:49.574993,0,1102.207330768581
2026-02-26 18:21:49.940198,0,1036.903563500483
2026-02-26 18:21:50.575368,0,1036.903563500483
2026-02-26 18:21:50.940674,0,516.0561984900481
2026-02-26 18:21:51.575879,0,516.0561984900481
2026-02-26 18:21:51.941176,1,407.49233121618374
2026-02-26 18:21:52.576403,1,407.49233121618374
2026-02-26 18:21:52.941673,1,431.1020760794362
2026-02-26 18:57:58.442792,0,0
2026-02-26 18:57:58.443640,0,0
2026-02-26 18:57:59.444388,0,0
2026-02-26 18:57:59.444480,0,533.2400960167943
2026-02-26 18:58:00.445123,0,533.2400960167943
2026-02-26 18:58:00.445313,0,540.0
2026-02-26 18:58:01.445757,0,540.0
2026-02-26 18:58:01.445911,0,565.6297375492204
2026-02-26 18:58:02.446680,0,565.6297375492204
2026-02-26 18:58:02.446801,0,506.20252863848873
2026-02-26 18:58:03.447383,0,506.20252863848873
2026-02-26 18:58:03.447531,1,484.365564424227
2026-02-26 18:58:04.447761,1,484.365564424227
2026-02-26 18:58:04.448046,1,452.6510797512804
2026-02-26 18:58:05.448573,1,482.4147593098702
2026-02-26 18:58:06.450333,0,515.4813284688399
2026-02-26 18:58:07.450722,1,461.52139712043686
2026-02-26 18:58:08.452532,1,411.895617845104
2026-02-26 18:58:09.453028,1,464.02155122364735
2026-02-26 18:58:10.453455,1,460.9913231287548
2026-02-26 18:58:11.453845,1,456.1501945631504
2026-02-26 18:58:12.454250,0,531.1544031635245
2026-02-26 18:58:13.454779,0,591.8175394494489
2026-02-26 18:58:14.455192,0,617.404243587619
2026-02-26 18:58:15.455583,0,680.260244318305
2026-02-26 18:58:16.089584,0,680.260244318305
2026-02-26 18:58:16.455976,0,723.581370683353
2026-02-26 18:58:17.089884,0,723.581370683353
2026-02-26 18:58:17.456367,0,723.1631904349115
2026-02-26 18:58:18.090204,0,723.1631904349115
2026-02-26 18:58:18.456767,0,815.0613473843549
2026-02-26 18:58:19.090514,0,815.0613473843549
2026-02-26 18:58:19.457169,0,1162.681383698905
2026-02-26 18:58:20.090870,0,1162.681383698905
2026-02-26 18:58:20.457654,0,796.7044621438994
2026-02-26 18:58:21.091254,0,796.7044621438994
2026-02-26 18:58:21.458174,1,467.748864242341
2026-02-26 18:58:22.091643,1,467.748864242341
2026-02-26 18:58:22.458677,1,443.6304768610921
2026-02-26 18:58:23.459147,1,442.7967931229855
2026-02-26 18:58:24.460166,1,464.06141834890775
2026-02-26 18:58:25.460604,0,515.4852083231875
2026-02-26 20:05:13.198683,0,0
2026-02-26 20:05:14.200985,0,637.5970514360931
2026-02-26 20:05:15.202376,0,617.1968891690884
2026-02-26 20:05:16.203775,0,589.1392025659131
2026-02-26 20:05:17.205262,0,695.955458344857
2026-02-26 20:05:18.206784,0,685.5195110279502
2026-02-26 20:05:19.208312,0,752.7981137064571
2026-02-26 20:05:20.209835,0,643.7794653450823
2026-02-26 20:05:21.211369,0,617.6900517249732
2026-02-26 20:05:22.212815,0,571.7735565763776
2026-02-26 20:05:23.214225,0,614.6063780990237
2026-02-26 20:05:24.217731,0,776.5468434035387
2026-02-26 20:05:25.219147,0,812.9772444539884
2026-02-26 20:05:26.220564,0,834.3530427822506
2026-02-26 20:05:27.222092,0,865.2080674612321
2026-02-26 20:05:28.223653,0,892.5704453991293
2026-02-26 20:05:29.225197,0,846.9645801330773
2026-02-26 20:05:30.226727,0,765.6317652762325
2026-02-26 20:05:31.228253,0,750.3205981445532
2026-02-26 20:05:32.229770,0,723.2185008695504
2026-02-26 20:05:33.231272,0,744.3339304371392
2026-02-26 20:05:34.232789,0,727.3822928831853
2026-02-26 20:05:35.234325,0,705.4544634489174
2026-02-26 20:05:36.235577,0,682.9560747222328
2026-02-26 20:05:37.236996,0,721.254462724495
2026-02-26 20:05:38.238391,0,716.1256872923914
2026-02-26 20:05:39.239773,0,700.3406314073173
2026-02-26 20:05:40.241196,0,696.5931380655426
2026-02-26 20:05:41.242691,0,688.9412166505934
2026-02-26 20:05:42.244422,0,720.0034722138498
2026-02-26 20:05:43.246184,0,709.5759296932217
2026-02-26 20:05:44.247974,0,711.680405800244
2026-02-26 20:05:45.250536,0,687.4336331603218
2026-02-26 20:05:46.252062,0,731.1012241817134
2026-02-26 20:05:47.253477,0,702.3595945098209
2026-02-26 20:05:48.254890,0,688.8112949132004
2026-02-26 20:05:49.256307,0,716.9951185328949
2026-02-26 20:05:50.257731,0,708.9781378857884
2026-02-26 20:05:51.259139,0,725.5025844199316
2026-02-26 20:05:52.260650,0,775.5958999375899
2026-02-26 20:05:53.262184,0,743.6356634804439
2026-02-26 20:05:54.263723,0,707.017680118397
2026-02-26 20:05:55.265255,0,704.6928408888514
2026-02-26 20:05:56.266339,0,731.0622408523094
2026-02-26 20:05:57.267828,0,786.7413806327972
2026-02-26 20:05:58.269447,0,809.5041692295353
2026-02-26 20:05:59.271191,0,823.311605651226
2026-02-26 20:06:00.272977,0,851.2843238307634
2026-02-26 20:06:01.274255,0,840.1547476506933
2026-02-26 20:06:02.275664,0,857.5546629807338
2026-02-26 20:06:03.277052,0,872.1037782282565
2026-02-26 20:06:04.278261,0,846.4053402478035
2026-02-26 20:06:05.279756,0,781.5894062741638
2026-02-26 20:06:06.282637,0,675.0562939488825
2026-02-26 20:06:07.284130,0,679.2716687747252
2026-02-26 20:06:08.285648,0,660.6004844079363
2026-02-26 20:06:09.287166,0,737.6021963090946
2026-02-26 20:06:10.288669,0,584.415092207585
2026-02-26 20:06:11.291789,0,856.0706746525079
2026-02-26 20:06:12.293211,0,788.2036538864813
2026-02-26 20:06:13.294595,0,718.4267533993984
2026-02-26 20:06:14.295974,0,693.2394968551633
2026-02-26 20:06:15.296735,0,716.3497749005021
2026-02-26 20:06:16.299406,0,661.762041824703
2026-02-26 20:06:17.300864,0,665.7514551242077
2026-02-26 20:06:18.302362,0,720.8342389204331
2026-02-26 20:06:19.303870,0,692.4160598946272
2026-02-26 20:06:20.305376,0,694.3810193258454
2026-02-26 20:06:21.306907,0,579.2969877359972
2026-02-26 20:06:22.308483,0,528.1259319518405
2026-02-26 20:06:23.314262,0,521.6301371661725
2026-02-26 20:06:24.315720,0,585.6705558588378
2026-02-26 20:06:25.317105,0,716.0628464038614
2026-02-26 20:06:26.317558,0,772.6784583512083
2026-02-26 20:06:27.318365,0,780.7752557554575
2026-02-26 20:06:28.319887,0,834.3296710533552
2026-02-26 20:06:29.321315,0,850.7132301780665
2026-02-26 20:06:30.322721,0,888.0208330889541
2026-02-26 20:06:31.326277,0,882.6607502319337
2026-02-26 20:06:32.327685,0,849.6875896469243
2026-02-26 20:06:33.329090,0,745.0644267444259
2026-02-26 20:06:34.330356,0,755.4879218094754
2026-02-26 20:06:35.331768,0,692.0122831279804
2026-02-26 20:06:36.333156,0,672.0193449596521
2026-02-26 20:06:37.334564,0,640.4037788770456
2026-02-26 20:06:38.335966,0,661.9546812282545
2026-02-26 20:06:39.337682,0,677.8797828523875
2026-02-26 20:06:40.339286,0,767.2352963726318
2026-02-26 20:06:41.340823,0,762.1548399111562
2026-02-26 20:06:42.342280,0,801.5116967331169
2026-02-26 20:06:43.343695,0,689.1226305963257
2026-02-26 20:06:44.345078,0,692.8924880528003
2026-02-26 20:06:45.346471,0,778.0706908758356
2026-02-26 20:06:46.348388,0,742.1300425127661
2026-02-26 20:06:47.349866,0,709.3666188932208
2026-02-26 20:06:48.351429,0,684.0643244607922
2026-02-26 20:06:49.352963,0,616.3456822271087
2026-02-26 20:06:53.014223,0,0
2026-02-26 20:06:53.014305,0,0
2026-02-26 20:06:54.015819,0,808.1911902514157
2026-02-26 20:06:54.015878,0,0
2026-02-26 20:06:55.017361,0,808.1911902514157
2026-02-26 20:06:55.017426,0,836.0005980859105
2026-02-26 20:06:56.018903,0,780.0955069733449
2026-02-26 20:06:56.018968,0,836.0005980859105
2026-02-26 20:06:57.020606,0,780.0955069733449
2026-02-26 20:06:57.020692,0,673.5109501708195
2026-02-26 20:06:58.022340,0,673.5109501708195
2026-02-26 20:06:58.022487,0,655.5379470328168
2026-02-26 20:07:11.490586,0,0
2026-02-26 20:07:11.496270,0,0
2026-02-26 20:07:12.492011,0,605.5782360686355
2026-02-26 20:07:12.497304,0,605.5782360686355
2026-02-26 20:07:13.493402,0,589.8626958877803
2026-02-26 20:07:13.498535,0,589.8626958877803
2026-02-26 20:07:14.494788,0,595.3091633764761
2026-02-26 20:07:14.499738,0,595.3091633764761
2026-02-26 20:07:15.496220,0,573.4125914208721
2026-02-26 20:07:15.500937,0,573.4125914208721
2026-02-26 20:07:16.496961,0,571.8050367039451
2026-02-26 20:07:16.502191,0,571.8050367039451
2026-02-26 20:07:17.498474,0,568.0712983420303
2026-02-26 20:07:17.503470,0,568.0712983420303
2026-02-26 20:07:18.499992,0,556.9380575970724
2026-02-26 20:07:18.504913,0,556.9380575970724
2026-02-26 20:07:19.501502,0,511.7831572062527
2026-02-26 20:07:19.506201,0,511.7831572062527
2026-02-26 20:07:20.503036,1,431.22615876126997
2026-02-26 20:07:20.507472,1,431.22615876126997
2026-02-26 20:07:21.504533,1,366.75059645486607
2026-02-26 20:07:22.505951,1,336.2038072360276
2026-02-26 20:07:23.507319,1,294.9457577250434
2026-02-26 20:07:24.508678,1,294.27877939124323
2026-02-26 20:07:25.510148,1,313.1804591605294
2026-02-26 20:07:26.511544,1,357.9846365418494
2026-02-26 20:07:27.512954,1,394.9746827329569
2026-02-26 20:07:28.514426,1,426.64270766063726
2026-02-26 20:07:29.515959,0,574.2821606144491
2026-02-26 20:07:30.517511,0,626.2563372932844
2026-02-26 20:07:31.511715,0,626.2563372932844
2026-02-26 20:07:31.518515,0,775.9310536381438
2026-02-26 20:07:32.513092,0,775.9310536381438
2026-02-26 20:07:32.520002,0,745.9524113507509
2026-02-26 20:07:33.514935,0,745.9524113507509
2026-02-26 20:07:33.521489,0,764.2944458780267
2026-02-26 20:07:34.516257,0,764.2944458780267
2026-02-26 20:07:34.522813,0,732.5708156895141
2026-02-26 20:07:35.517557,0,732.5708156895141
2026-02-26 20:07:35.524123,0,728.3543093852057
2026-02-26 20:07:36.518130,0,728.3543093852057
2026-02-26 20:07:36.525436,0,729.0850430505346
2026-02-26 20:07:37.519848,0,729.0850430505346
2026-02-26 20:07:37.527021,0,693.4926099101561
2026-02-26 20:07:38.521554,0,693.4926099101561
2026-02-26 20:07:38.528569,0,720.855741462881
2026-02-26 20:07:39.522188,0,720.855741462881
2026-02-26 20:07:39.530094,0,794.2121882721267
2026-02-26 20:07:40.523894,0,794.2121882721267
2026-02-26 20:07:40.531840,0,762.7273431574353
2026-02-26 20:07:41.525279,0,762.7273431574353
2026-02-26 20:07:41.533279,0,772.3244137019107
2026-02-26 20:07:42.526652,0,772.3244137019107
2026-02-26 20:07:42.534264,0,717.1122645722913
2026-02-26 20:07:43.528020,0,717.1122645722913
2026-02-26 20:07:43.535684,0,660.446061385788
2026-02-26 20:07:44.529392,0,660.446061385788
2026-02-26 20:07:44.537107,0,675.4346748576061
2026-02-26 20:07:45.531081,0,675.4346748576061
2026-02-26 20:07:45.538230,0,724.4894754239015
2026-02-26 20:07:46.532444,0,724.4894754239015
2026-02-26 20:07:46.539581,0,654.6548709052732
2026-02-26 20:07:47.533730,0,654.6548709052732
2026-02-26 20:07:47.540906,0,649.465164577747
2026-02-26 20:07:48.535017,0,649.465164577747
2026-02-26 20:07:48.542017,0,622.6989641873512
2026-02-26 20:07:49.536306,0,622.6989641873512
2026-02-26 20:07:49.543338,0,528.21302520858
2026-02-26 20:07:50.537657,0,528.21302520858
2026-02-26 20:07:50.544751,1,408.667346383339
2026-02-26 20:07:51.539021,1,408.667346383339
2026-02-26 20:07:51.546405,1,342.0014619851792
2026-02-26 20:07:52.547923,1,267.15164233071823
2026-02-26 20:07:53.549443,1,224.07588000496617
2026-02-26 20:07:54.550944,1,191.51240168720145
2026-02-26 20:07:55.552422,1,273.89048906451643
2026-02-26 20:07:56.553901,1,369.52943049234926
2026-02-26 20:07:57.555317,1,413.09805131469693
2026-02-26 20:07:58.556723,1,447.63601284972594
2026-02-26 20:07:59.558111,1,477.03249365216203
2026-02-26 20:08:00.559505,0,526.1150064387064
2026-02-26 20:08:01.560903,0,536.6386121031546
2026-02-26 20:08:02.545437,0,536.6386121031546
2026-02-26 20:08:02.562348,0,547.3947387397873
2026-02-26 20:08:03.546800,0,547.3947387397873
2026-02-26 20:08:03.563813,0,525.2589837404021
2026-02-26 20:08:04.548167,0,525.2589837404021
2026-02-26 20:08:04.565247,0,542.3882373355823
2026-02-26 20:08:05.549536,0,542.3882373355823
2026-02-26 20:08:05.566672,1,400.2811511925087
2026-02-26 20:08:06.550911,1,400.2811511925087
2026-02-26 20:08:06.570358,1,326.9740050829729
2026-02-26 20:08:07.571877,1,306.7800515027012
2026-02-26 20:08:08.573387,1,306.7800515027012
2026-02-26 20:08:09.574863,1,333.9011829868232
2026-02-26 20:08:10.576268,1,409.56562355744654
2026-02-26 20:08:11.576809,1,456.6015768698133
2026-02-26 20:08:12.578283,0,502.29871590518724
2026-02-26 20:08:13.579793,0,520.9731279058451
2026-02-26 20:08:14.581278,0,515.6403785585454
2026-02-26 20:08:15.582801,0,539.9416635156061
2026-02-26 20:08:16.584307,0,564.1639832530964
2026-02-26 20:08:17.541465,0,564.1639832530964
2026-02-26 20:08:17.585851,0,586.6216838815285
2026-02-26 20:08:18.542839,0,586.6216838815285
2026-02-26 20:08:18.587334,0,582.0034364159717
2026-02-26 20:08:19.544214,0,582.0034364159717
2026-02-26 20:08:19.588766,0,590.1194794276834
2026-02-26 20:08:20.545581,0,590.1194794276834
2026-02-26 20:08:20.590224,0,548.0556541082301
2026-02-26 20:08:21.546146,0,548.0556541082301
2026-02-26 20:08:21.591596,0,596.0486557320636
2026-02-26 20:08:22.547442,0,596.0486557320636
2026-02-26 20:08:22.593872,0,833.6264151285035
2026-02-26 20:08:23.548700,0,833.6264151285035
2026-02-26 20:08:23.595202,0,898.83702638465
2026-02-26 20:08:24.550182,0,898.83702638465
2026-02-26 20:08:24.596568,0,924.3300276416427
2026-02-26 20:12:18.331566,0,0
2026-02-26 20:12:18.331667,0,0
2026-02-26 20:12:19.333523,0,0
2026-02-26 20:12:19.334328,0,888.4649683583478
2026-02-26 20:12:20.334207,0,888.4649683583478
2026-02-26 20:12:20.338365,0,914.6698858058027
2026-02-26 20:12:29.110692,0,0
2026-02-26 20:12:29.110772,0,0
2026-02-26 20:12:30.112235,0,0
2026-02-26 20:12:30.112295,0,823.7718130647588
2026-02-26 20:12:31.113975,0,746.5072002331926
2026-02-26 20:12:31.114064,0,823.7718130647588
2026-02-26 20:12:32.115550,0,746.5072002331926
2026-02-26 20:12:32.115652,0,800.416141766269
2026-02-26 20:12:33.117004,0,800.416141766269
2026-02-26 20:12:33.117070,0,737.563556583431
2026-02-26 20:12:34.118368,0,737.563556583431
2026-02-26 20:12:34.118502,0,729.6492307951814
2026-02-26 20:12:35.119739,0,729.6492307951814
2026-02-26 20:12:35.121561,0,750.49916722139
2026-02-26 20:12:36.121024,0,750.49916722139
2026-02-26 20:12:36.122864,0,761.0059132490364
2026-02-26 20:12:37.121611,0,761.0059132490364
2026-02-26 20:12:37.124303,0,807.7747210701756
2026-02-26 20:12:38.123245,0,807.7747210701756
2026-02-26 20:12:38.124831,0,780.7240229428066
2026-02-26 20:12:39.124625,0,780.7240229428066
2026-02-26 20:12:39.126324,0,795.1414968419143
2026-02-26 20:12:40.125979,0,795.1414968419143
2026-02-26 20:12:40.127669,0,500.88421815824864
2026-02-26 20:12:41.127287,0,500.88421815824864
2026-02-26 20:12:41.128982,1,333.1095915761058
2026-02-26 20:12:42.128590,1,333.1095915761058
2026-02-26 20:12:42.130378,1,333.1095915761058
2026-02-26 20:12:43.131778,1,333.1095915761058
2026-02-26 20:12:44.133166,1,394.0279177926356
2026-02-26 20:12:45.134737,1,494.1588813327147
2026-02-26 20:12:46.136231,1,493.8714407616622
2026-02-26 20:12:47.137728,0,559.4005720411806
2026-02-26 20:12:48.139196,0,812.5724583075653
2026-02-26 20:12:49.140659,0,775.541746136209
2026-02-26 20:12:50.142229,0,737.6245657514397
2026-02-26 20:12:51.143764,0,712.8148427186404
2026-02-26 20:12:52.145170,0,694.85322191093
2026-02-26 20:12:53.141702,0,694.85322191093
2026-02-26 20:12:53.146245,0,678.6604452891004
2026-02-26 20:12:54.142981,0,678.6604452891004
2026-02-26 20:12:54.147579,0,634.2152631402054
2026-02-26 20:12:55.144341,0,634.2152631402054
2026-02-26 20:12:55.148902,0,631.6613016482805
2026-02-26 20:12:56.145637,0,631.6613016482805
2026-02-26 20:12:56.150251,0,629.4672350488149
2026-02-26 20:12:57.147007,0,629.4672350488149
2026-02-26 20:12:57.151709,0,631.6153892995325
2026-02-26 20:12:58.148505,0,631.6153892995325
2026-02-26 20:12:58.153173,0,626.1006308893163
2026-02-26 20:12:59.149893,0,626.1006308893163
2026-02-26 20:12:59.154330,0,660.8668549715593
2026-02-26 20:13:00.151289,0,660.8668549715593
2026-02-26 20:13:00.155777,0,653.6000305997545
2026-02-26 20:13:01.152712,0,653.6000305997545
2026-02-26 20:13:01.157399,0,699.4004575348804
2026-02-26 20:13:02.154124,0,699.4004575348804
2026-02-26 20:13:02.158823,0,692.9884558923042
2026-02-26 20:13:03.155417,0,692.9884558923042
2026-02-26 20:13:03.160187,0,710.0
2026-02-26 20:13:04.156708,0,710.0
2026-02-26 20:13:04.161555,0,725.3371629800861
2026-02-26 20:13:05.158007,0,725.3371629800861
2026-02-26 20:13:05.162915,0,736.0523079238322
2026-02-26 20:13:06.159320,0,736.0523079238322
2026-02-26 20:13:06.164307,0,692.6369900604501
2026-02-26 20:13:07.160674,0,692.6369900604501
2026-02-26 20:13:07.165751,0,629.8102888965851
2026-02-26 20:13:08.162060,0,629.8102888965851
2026-02-26 20:13:08.167213,1,392.0
2026-02-26 20:13:09.163424,1,392.0
2026-02-26 20:13:09.168701,0,813.1912444191711
2026-02-26 20:13:10.170226,0,922.7838316745693
2026-02-26 20:13:11.171765,0,1266.5216145017027
2026-02-26 20:13:12.172641,0,1933.614491050375
2026-02-26 20:13:13.174505,0,2715.895800652153
2026-02-26 20:13:14.176010,0,3427.0622988209598
2026-02-26 20:13:15.177560,0,4032.021453315942
2026-02-26 20:13:16.178950,0,4221.483743898583
2026-02-26 20:13:17.180321,0,4231.516158541758
2026-02-26 20:13:18.181724,0,4214.61991168836
2026-02-26 20:13:19.183140,0,4254.9816685856595
2026-02-26 20:13:20.170220,0,4254.9816685856595
2026-02-26 20:13:20.184536,0,4257.302549737334
2026-02-26 20:13:21.171572,0,4257.302549737334
2026-02-26 20:13:21.185991,0,4235.929295916068
2026-02-26 20:13:22.172977,0,4235.929295916068
2026-02-26 20:13:22.187423,0,4215.241036998952
2026-02-26 20:13:23.174365,0,4215.241036998952
2026-02-26 20:13:23.188844,0,4172.417165145403
2026-02-26 20:13:24.175741,0,4172.417165145403
2026-02-26 20:13:24.190261,0,4102.746397231981
2026-02-26 20:13:25.177110,0,4102.746397231981
2026-02-26 20:13:25.191678,0,4102.746397231981
2026-02-26 20:13:26.178483,0,4102.746397231981
2026-02-26 20:13:26.193111,0,4126.33069445482
2026-02-26 20:13:27.179815,0,4126.33069445482
2026-02-26 20:13:27.194452,0,4145.363675240087
2026-02-26 20:13:28.181107,0,4145.363675240087
2026-02-26 20:13:28.195755,0,4181.202817372054
2026-02-26 20:13:29.182411,0,4181.202817372054
2026-02-26 20:13:29.197095,0,4222.485050299172
2026-02-26 20:13:30.183698,0,4222.485050299172
2026-02-26 20:13:30.198543,0,4219.790634616841
2026-02-26 20:13:31.184991,0,4219.790634616841
2026-02-26 20:13:31.199904,0,4170.425637749701
2026-02-26 20:13:32.186190,0,4170.425637749701
2026-02-26 20:13:32.201380,0,4079.9579654697422
2026-02-26 20:13:33.187571,0,4079.9579654697422
2026-02-26 20:13:33.202863,0,3931.854778600044
2026-02-26 20:13:34.188946,0,3931.854778600044
2026-02-26 20:13:34.204338,0,3474.8910774296223
2026-02-26 20:13:35.190317,0,3474.8910774296223
2026-02-26 20:13:35.205813,0,2564.2827457205262
2026-02-26 20:13:36.191686,0,2564.2827457205262
2026-02-26 20:13:36.207285,0,1883.1680753453738
2026-02-26 20:13:37.193066,0,1883.1680753453738
2026-02-26 20:13:37.208799,0,1724.079464525925
2026-02-26 20:13:38.194456,0,1724.079464525925
2026-02-26 20:13:38.210306,0,1631.816778930772
2026-02-26 20:13:39.195781,0,1631.816778930772
2026-02-26 20:13:39.211687,0,1492.1276755023346
2026-02-26 20:13:40.197076,0,1492.1276755023346
2026-02-26 20:13:40.213044,0,1055.0687181411456
2026-02-26 20:13:41.198368,0,1055.0687181411456
2026-02-26 20:13:41.214396,0,624.923195280828
2026-02-26 20:13:42.199666,0,624.923195280828
2026-02-26 20:13:42.215727,0,625.3574977562834
2026-02-26 20:13:43.200958,0,625.3574977562834
2026-02-26 20:13:43.217054,0,0.0
2026-02-26 20:13:44.202307,0,0.0
2026-02-26 20:13:44.218298,0,0.0
2026-02-26 20:13:45.203677,0,0.0
2026-02-26 20:13:45.219390,0,0.0
2026-02-26 20:13:46.205041,0,0.0
2026-02-26 20:13:46.220527,0,0.0
2026-02-26 20:13:47.206286,0,0.0
2026-02-26 20:13:47.221979,0,0.0
2026-02-26 20:13:48.209675,0,0.0
2026-02-26 20:13:48.223029,1,236.68122020980033
2026-02-26 20:13:49.210969,1,236.68122020980033
2026-02-26 20:13:49.224128,1,292.7541630788536
2026-02-26 20:13:50.225316,1,319.0814942926023
2026-02-26 20:13:51.227335,1,355.3758573679422
2026-02-26 20:13:52.228905,1,357.17362724590964
2026-02-26 20:13:53.232113,1,361.24783736376884
2026-02-26 20:13:54.233611,1,395.05062966662894
2026-02-26 20:13:55.235234,0,625.1663778547276
2026-02-26 20:13:56.236717,0,971.0787815620316
2026-02-26 20:13:57.238223,0,1030.53044593549
2026-02-26 20:13:58.241117,0,997.6141538691198
2026-02-26 20:13:59.242566,0,853.7751460425632
2026-02-26 20:14:00.211992,0,853.7751460425632
2026-02-26 20:14:00.244044,0,553.0009041583928
2026-02-26 20:14:01.213304,0,553.0009041583928
2026-02-26 20:14:01.245384,1,416.3472108709268
2026-02-26 20:14:02.214599,1,416.3472108709268
2026-02-26 20:14:02.246263,1,412.0436870041816
2026-02-26 20:14:03.248627,1,439.31082390489763
2026-02-26 20:14:04.250037,0,950.5077590425025
2026-02-26 20:14:05.251417,0,1519.990789445778
2026-02-26 20:14:06.252898,0,2082.4161447703004
2026-02-26 20:14:07.254420,0,2537.1385456848825
2026-02-26 20:14:08.257735,0,3089.897894753158
2026-02-26 20:14:09.259364,0,3617.369486242731
2026-02-26 20:14:10.260877,0,4138.76744937427
2026-02-26 20:14:11.262411,0,4171.020258881513
2026-02-26 20:14:12.263937,0,4194.3396381313705
2026-02-26 20:14:12.732506,0,4194.3396381313705
2026-02-26 20:14:13.266879,0,4278.628869158903
2026-02-26 20:14:13.733879,0,4278.628869158903
2026-02-26 20:14:14.268282,0,4236.855673727865
2026-02-26 20:14:14.735206,0,4236.855673727865
2026-02-26 20:14:15.270227,0,4242.465792437224
2026-02-26 20:14:15.736497,0,4242.465792437224
2026-02-26 20:14:16.271602,0,4239.962853610867
2026-02-26 20:14:16.737774,0,4239.962853610867
2026-02-26 20:14:17.272995,0,4245.118137343176
2026-02-26 20:14:17.739057,0,4245.118137343176
2026-02-26 20:14:18.275374,0,4200.625191563751
2026-02-26 20:14:18.740347,0,4200.625191563751
2026-02-26 20:14:19.276853,0,4150.845335591293
2026-02-26 20:14:19.741695,0,4150.845335591293
2026-02-26 20:14:20.278362,0,4185.00298685676
2026-02-26 20:14:20.743067,0,4185.00298685676
2026-02-26 20:14:21.279873,0,4190.061694056544
2026-02-26 20:14:21.744441,0,4190.061694056544
2026-02-26 20:14:22.281381,0,4186.091733347467
2026-02-26 20:14:22.745818,0,4186.091733347467
2026-02-26 20:14:23.283899,0,4184.142086497542
2026-02-26 20:14:23.747204,0,4184.142086497542
2026-02-26 20:14:24.285408,0,4200.514492297342
2026-02-26 20:14:24.748576,0,4200.514492297342
2026-02-26 20:14:25.286354,0,4224.690876265387
2026-02-26 20:14:25.749962,0,4224.690876265387
2026-02-26 20:14:26.287762,0,4232.572385677533
2026-02-26 20:14:26.751265,0,4232.572385677533
2026-02-26 20:14:27.289167,0,4199.7434445451545
2026-02-26 20:14:27.752551,0,4199.7434445451545
2026-02-26 20:14:28.290559,0,4193.053779764815
2026-02-26 20:14:28.753836,0,4193.053779764815
2026-02-26 20:14:29.291949,0,4174.708253279503
2026-02-26 20:14:29.755123,0,4174.708253279503
2026-02-26 20:14:30.293338,0,4183.527937040698
2026-02-26 20:14:30.756410,0,4183.527937040698
2026-02-26 20:14:31.294830,0,4222.706714892712
2026-02-26 20:14:31.757759,0,4222.706714892712
2026-02-26 20:14:32.296338,0,4248.055672893189
2026-02-26 20:14:32.759132,0,4248.055672893189
2026-02-26 20:14:33.297860,0,4262.194739802489
2026-02-26 20:14:33.760516,0,4262.194739802489
2026-02-26 20:14:34.299390,0,4257.819160086534
2026-02-26 20:14:34.761893,0,4257.819160086534
2026-02-26 20:14:35.300899,0,4224.804847563968
2026-02-26 20:14:35.763282,0,4224.804847563968
2026-02-26 20:14:36.302405,0,4204.811767487339
2026-02-26 20:14:36.764673,0,4204.811767487339
2026-02-26 20:14:37.303913,0,4186.682338081073
2026-02-26 20:14:37.766039,0,4186.682338081073
2026-02-26 20:14:38.305318,0,4176.773874654935
2026-02-26 20:14:38.767343,0,4176.773874654935
2026-02-26 20:14:39.306704,0,4169.342514114186
2026-02-26 20:14:39.768630,0,4169.342514114186
2026-02-26 20:14:40.308174,0,4146.580398352358
2026-02-26 20:14:40.769923,0,4146.580398352358
2026-02-26 20:14:41.309646,0,4174.1435049600295
2026-02-26 20:14:41.771225,0,4174.1435049600295
2026-02-26 20:14:42.311119,0,4240.234899153584
2026-02-26 20:14:42.772517,0,4240.234899153584
2026-02-26 20:14:43.312691,0,4242.967357875853
2026-02-26 20:14:43.773870,0,4242.967357875853
2026-02-26 20:14:44.314356,0,4209.099903779905
2026-02-26 20:14:44.775259,0,4209.099903779905
2026-02-26 20:14:45.315875,0,4189.0744801208775
2026-02-26 20:14:45.776645,0,4189.0744801208775
2026-02-26 20:14:46.317508,0,4183.873803068157
2026-02-26 20:14:46.778044,0,4183.873803068157
2026-02-26 20:14:47.319029,0,4206.912525831741
2026-02-26 20:14:47.779420,0,4206.912525831741
2026-02-26 20:14:48.320542,0,4201.336097005333
2026-02-26 20:14:48.780795,0,4201.336097005333
2026-02-26 20:14:49.322070,0,4194.4731492763185
2026-02-26 20:14:49.782118,0,4194.4731492763185
2026-02-26 20:14:50.323481,0,4223.550165441391
2026-02-26 20:14:50.783411,0,4223.550165441391
2026-02-26 20:14:51.324872,0,4202.987984755608
2026-02-26 20:14:51.784704,0,4202.987984755608
2026-02-26 20:14:52.326266,0,4162.6169653236175
2026-02-26 20:14:52.786006,0,4162.6169653236175
2026-02-26 20:14:53.327744,0,4200.883835575557
2026-02-26 20:14:53.787294,0,4200.883835575557
2026-02-26 20:14:54.329221,0,4175.664378275629
2026-02-26 20:14:54.788660,0,4175.664378275629
2026-02-26 20:14:55.330720,0,4172.344424900705
2026-02-26 20:14:55.790054,0,4172.344424900705
2026-02-26 20:14:56.332353,0,4117.542106645663
2026-02-26 20:14:56.791431,0,4117.542106645663
2026-02-26 20:14:57.334003,0,4112.208652293801
2026-02-26 20:14:57.792809,0,4112.208652293801
2026-02-26 20:14:58.335641,0,4160.991828879264
2026-02-26 20:14:58.794186,0,4160.991828879264
2026-02-26 20:14:59.337320,0,4156.864804152283
2026-02-26 20:14:59.795122,0,4156.864804152283
2026-02-26 20:15:00.338995,0,4120.148662366444
2026-02-26 20:15:00.796503,0,4120.148662366444
2026-02-26 20:15:01.340415,0,4097.530109712435
2026-02-26 20:15:01.797825,0,4097.530109712435
2026-02-26 20:15:02.341898,0,4073.265152184424
2026-02-26 20:15:02.799125,0,4073.265152184424
2026-02-26 20:15:03.343405,0,4080.1365173238996
2026-02-26 20:15:03.800219,0,4080.1365173238996
2026-02-26 20:15:04.344887,0,4106.824198818352
2026-02-26 20:15:04.801509,0,4106.824198818352
2026-02-26 20:15:05.346388,0,4152.804594487922
2026-02-26 20:15:05.802803,0,4152.804594487922
2026-02-26 20:15:06.347858,0,4127.494397331146
2026-02-26 20:15:06.804164,0,4127.494397331146
2026-02-26 20:15:07.349479,0,4114.496567017647
2026-02-26 20:15:07.804659,0,4114.496567017647
2026-02-26 20:15:08.351112,0,4126.419270990285
2026-02-26 20:15:08.806056,0,4126.419270990285
2026-02-26 20:15:09.352736,0,4104.504111339152
2026-02-26 20:15:09.807437,0,4104.504111339152
2026-02-26 20:15:10.354377,0,4068.7203147918635
2026-02-26 20:15:10.808825,0,4068.7203147918635
2026-02-26 20:15:11.356009,0,4115.0471443228935
2026-02-26 20:15:11.810199,0,4115.0471443228935
2026-02-26 20:15:12.357642,0,4118.146791944163
2026-02-26 20:15:12.811585,0,4118.146791944163
2026-02-26 20:15:13.359172,0,4185.097012017762
2026-02-26 20:15:13.812899,0,4185.097012017762
2026-02-26 20:15:14.362235,0,4233.010394506491
2026-02-26 20:15:14.814195,0,4233.010394506491
2026-02-26 20:15:15.363621,0,4234.18103061265
2026-02-26 20:15:15.815490,0,4234.18103061265
2026-02-26 20:15:16.365008,0,4217.336244598005
2026-02-26 20:15:16.816780,0,4217.336244598005
2026-02-26 20:15:17.366394,0,4246.401064430914
2026-02-26 20:15:17.818078,0,4246.401064430914
2026-02-26 20:15:18.367884,0,4204.6180563756325
2026-02-26 20:15:18.819428,0,4204.6180563756325
2026-02-26 20:15:19.369389,0,4148.461522058509
2026-02-26 20:15:19.820807,0,4148.461522058509
2026-02-26 20:15:20.370895,0,4137.41682695858
2026-02-26 20:15:20.822194,0,4137.41682695858
2026-02-26 20:15:21.372411,0,4091.3345011132983
2026-02-26 20:15:21.823572,0,4091.3345011132983
2026-02-26 20:15:22.373942,0,4054.032313635401
2026-02-26 20:15:22.824952,0,4054.032313635401
2026-02-26 20:15:23.375460,0,4044.1222780722146
2026-02-26 20:15:23.826328,0,4044.1222780722146
2026-02-26 20:15:24.376984,0,4094.873013904094
2026-02-26 20:15:24.827701,0,4094.873013904094
2026-02-26 20:15:25.378400,0,4125.654978303445
2026-02-26 20:15:25.829009,0,4125.654978303445
2026-02-26 20:15:26.379817,0,4153.368753193003
2026-02-26 20:15:26.830296,0,4153.368753193003
2026-02-26 20:15:27.381223,0,4163.2153439379035
2026-02-26 20:15:27.831580,0,4163.2153439379035
2026-02-26 20:15:28.382617,0,4168.47034294356
2026-02-26 20:15:28.832870,0,4168.47034294356
2026-02-26 20:15:29.384002,0,4123.426851539869
2026-02-26 20:15:29.834158,0,4123.426851539869
2026-02-26 20:15:30.385493,0,4089.210192690026
2026-02-26 20:15:30.835507,0,4089.210192690026
2026-02-26 20:15:31.386366,0,4054.0828802578767
2026-02-26 20:15:31.836884,0,4054.0828802578767
2026-02-26 20:15:32.388020,0,3999.4015802367235
2026-02-26 20:15:32.838255,0,3999.4015802367235
2026-02-26 20:15:33.389528,0,3984.443373923138
2026-02-26 20:15:33.839634,0,3984.443373923138
2026-02-26 20:15:34.391038,0,4042.3606964248006
2026-02-26 20:15:34.841003,0,4042.3606964248006
2026-02-26 20:15:35.392654,0,4064.0650831402786
2026-02-26 20:15:35.842372,0,4064.0650831402786
2026-02-26 20:15:36.394283,0,4076.107211543877
2026-02-26 20:15:36.843685,0,4076.107211543877
2026-02-26 20:15:37.395805,0,4119.77790663526
2026-02-26 20:15:37.844966,0,4119.77790663526
2026-02-26 20:15:38.397186,0,4156.221601406739
2026-02-26 20:15:38.846251,0,4156.221601406739
2026-02-26 20:15:39.398561,0,4155.7368780999595
2026-02-26 20:15:39.847528,0,4155.7368780999595
2026-02-26 20:15:40.399945,0,4127.862643063599
2026-02-26 20:15:40.848809,0,4127.862643063599
2026-02-26 20:15:41.401330,0,4090.4400741240543
2026-02-26 20:15:41.850164,0,4090.4400741240543
2026-02-26 20:15:42.402831,0,4078.6028244976246
2026-02-26 20:15:42.851531,0,4078.6028244976246
2026-02-26 20:15:43.404339,0,4083.089271617754
2026-02-26 20:15:43.852903,0,4083.089271617754
2026-02-26 20:15:44.405856,0,4228.600714184303
2026-02-26 20:15:44.854274,0,4228.600714184303
2026-02-26 20:15:45.407402,0,4104.0623776935945
2026-02-26 20:15:45.855642,0,4104.0623776935945
2026-02-26 20:15:46.408913,0,4094.7266087005123
2026-02-26 20:15:46.857011,0,4094.7266087005123
2026-02-26 20:15:47.410443,0,4093.0835564400586
2026-02-26 20:15:47.858390,0,4093.0835564400586
2026-02-26 20:15:48.411911,0,4102.799653894886
2026-02-26 20:15:48.859700,0,4102.799653894886
2026-02-26 20:15:49.413297,0,4126.0077556883
2026-02-26 20:15:49.860975,0,4126.0077556883
2026-02-26 20:15:50.414678,0,4169.13060481439
2026-02-26 20:15:50.862251,0,4169.13060481439
2026-02-26 20:15:51.416058,0,4209.038488776267
2026-02-26 20:15:51.863528,0,4209.038488776267
2026-02-26 20:15:52.417444,0,4243.704631568979
2026-02-26 20:15:52.864808,0,4243.704631568979
2026-02-26 20:15:53.418818,0,4183.901767489289
2026-02-26 20:15:53.866170,0,4183.901767489289
2026-02-26 20:15:54.420294,0,4160.259246729704
2026-02-26 20:15:54.867529,0,4160.259246729704
2026-02-26 20:15:55.421694,0,4183.351049099275
2026-02-26 20:15:55.868827,0,4183.351049099275
2026-02-26 20:15:56.423077,0,4171.593460537591
2026-02-26 20:15:56.870120,0,4171.593460537591
2026-02-26 20:15:57.424456,0,4073.8263340500907
2026-02-26 20:15:57.871405,0,4073.8263340500907
2026-02-26 20:15:58.425838,0,3167.4046157698263
2026-02-26 20:15:58.872682,0,3167.4046157698263
2026-02-26 20:15:59.427220,0,2049.843408653451
2026-02-26 20:15:59.873976,0,2049.843408653451
2026-02-26 20:16:00.428600,0,1269.0941651429969
2026-02-26 20:16:00.875258,0,1269.0941651429969
2026-02-26 20:16:01.429999,0,933.4345183246653
2026-02-26 20:16:01.876543,0,933.4345183246653
2026-02-26 20:16:02.431375,0,0.0
2026-02-26 20:16:02.877832,0,0.0
2026-02-26 20:16:03.432758,0,0.0
2026-02-26 20:16:03.879112,0,0.0
2026-02-26 20:16:04.434145,0,0.0
2026-02-26 20:16:04.880394,0,0.0
2026-02-26 20:16:05.435640,0,0.0
2026-02-26 20:16:05.881737,0,0.0
2026-02-26 20:16:06.437147,0,0.0
2026-02-26 20:16:06.883104,0,0.0
2026-02-26 20:16:07.438646,0,0.0
2026-02-26 20:16:07.884471,0,0.0
2026-02-26 20:16:08.440149,0,0.0
2026-02-26 20:16:08.885839,0,0.0
2026-02-26 20:16:09.441842,0,0.0
2026-02-26 20:16:09.887214,0,0.0
2026-02-26 20:16:10.443561,0,0.0
2026-02-26 20:16:10.888583,0,0.0
2026-02-26 20:16:11.445300,0,1191.1360123848158
2026-02-26 20:16:11.889962,0,1191.1360123848158
2026-02-26 20:16:12.446236,1,395.6677899450497
2026-02-26 20:16:12.891263,1,395.6677899450497
2026-02-26 20:16:13.447621,0,563.9875885159177
2026-02-26 20:16:14.449020,0,656.5074257005781
2026-02-26 20:16:15.450414,0,793.8324760300501
2026-02-26 20:16:16.451802,0,739.6735766539183
2026-02-26 20:16:17.453301,0,726.1101844761579
2026-02-26 20:16:18.454348,0,723.7596286060725
2026-02-26 20:16:19.457335,0,734.9258465995056
2026-02-26 20:16:20.458857,0,711.0646946656823
2026-02-26 20:17:28.678690,0,0
2026-02-26 20:17:28.678768,0,0
2026-02-26 20:17:29.680029,0,0
2026-02-26 20:17:29.680409,0,611.1039191495993
2026-02-26 20:17:30.681389,0,611.1039191495993
2026-02-26 20:17:30.682062,0,748.2038492282701
2026-02-26 20:17:31.682767,0,748.2038492282701
2026-02-26 20:17:31.683296,0,785.8002290658867
2026-02-26 20:17:32.684134,0,785.8002290658867
2026-02-26 20:17:32.684643,0,560.9723700860854
2026-02-26 20:17:33.685499,0,560.9723700860854
2026-02-26 20:17:33.686026,0,825.0490894486219
2026-02-26 20:17:34.686795,0,825.0490894486219
2026-02-26 20:17:34.687468,0,1238.167193879728
2026-02-26 20:17:35.688074,0,1238.167193879728
2026-02-26 20:17:35.688786,0,1449.7889501579186
2026-02-26 20:17:36.689350,0,1449.7889501579186
2026-02-26 20:17:36.690906,0,1550.6263250699699
2026-02-26 20:17:37.690630,0,1550.6263250699699
2026-02-26 20:17:37.692217,0,1583.9119293698118
2026-02-26 20:17:38.691904,0,1583.9119293698118
2026-02-26 20:17:38.693529,0,1667.1826534606219
2026-02-26 20:17:39.693248,0,1667.1826534606219
2026-02-26 20:17:39.694938,0,2379.0344680142825
2026-02-26 20:17:40.694614,0,2379.0344680142825
2026-02-26 20:17:40.696386,0,2610.8466059881803
2026-02-26 20:17:41.695983,0,2610.8466059881803
2026-02-26 20:17:41.697819,0,2610.8466059881803
2026-02-26 20:17:42.697372,0,2610.8466059881803
2026-02-26 20:17:42.698304,0,2610.8466059881803
2026-02-26 20:17:43.698750,0,2610.8466059881803
2026-02-26 20:17:43.699730,0,2610.8466059881803
2026-02-26 20:17:44.700129,0,2610.8466059881803
2026-02-26 20:17:44.701156,0,2701.009070699319
2026-02-26 20:17:45.701508,0,2701.009070699319
2026-02-26 20:17:45.702600,0,2894.7407483227234
2026-02-26 20:17:46.702126,0,2894.7407483227234
2026-02-26 20:17:46.703934,0,2908.748871937899
2026-02-26 20:17:47.703402,0,2908.748871937899
2026-02-26 20:17:47.705232,0,2908.748871937899
2026-02-26 20:17:48.704670,0,2908.748871937899
2026-02-26 20:17:48.706527,0,2908.748871937899
2026-02-26 20:17:49.705947,0,2908.748871937899
2026-02-26 20:17:49.707826,0,2908.748871937899
2026-02-26 20:17:50.707207,0,2908.748871937899
2026-02-26 20:17:50.709157,0,2908.748871937899
2026-02-26 20:17:51.708532,0,2908.748871937899
2026-02-26 20:17:51.710551,0,2908.748871937899
2026-02-26 20:17:52.709907,0,2908.748871937899
2026-02-26 20:17:52.711975,0,2908.748871937899
2026-02-26 20:17:53.711289,0,2908.748871937899
2026-02-26 20:17:53.713385,0,2908.748871937899
2026-02-26 20:17:54.712652,0,2908.748871937899
2026-02-26 20:17:54.714786,0,2908.748871937899
2026-02-26 20:17:55.714036,0,2908.748871937899
2026-02-26 20:17:55.716236,0,2908.748871937899
2026-02-26 20:18:00.002470,0,0
2026-02-26 20:18:00.002546,0,0
2026-02-26 20:18:01.004058,0,0
2026-02-26 20:18:01.004118,0,2908.748871937899
2026-02-26 20:18:02.005778,0,2908.748871937899
2026-02-26 20:18:02.005855,0,2908.748871937899
2026-02-26 20:18:03.007518,0,2908.748871937899
2026-02-26 20:18:03.007664,0,2908.748871937899
2026-02-26 20:18:04.009133,0,2908.748871937899
2026-02-26 20:18:04.009356,0,2908.748871937899
2026-02-26 20:18:05.010933,0,2908.748871937899
2026-02-26 20:18:05.011024,0,2908.748871937899
2026-02-26 20:18:06.012525,0,2908.748871937899
2026-02-26 20:18:06.012589,0,2908.748871937899
2026-02-26 20:18:07.014054,0,2908.748871937899
2026-02-26 20:18:07.014159,0,2908.748871937899
2026-02-26 20:18:08.015577,0,2908.748871937899
2026-02-26 20:18:08.015641,0,2908.748871937899
2026-02-26 20:18:09.017121,0,2908.748871937899
2026-02-26 20:18:09.017185,0,2908.748871937899
2026-02-26 20:18:10.018117,0,2908.748871937899
2026-02-26 20:18:10.018499,0,2908.748871937899
2026-02-26 20:18:11.019871,0,2908.748871937899
2026-02-26 20:18:11.020270,0,2908.748871937899
2026-02-26 20:18:12.021260,0,2908.748871937899
2026-02-26 20:18:12.021462,0,2908.748871937899
2026-02-26 20:18:13.022785,0,2908.748871937899
2026-02-26 20:18:13.022850,0,2908.748871937899
2026-02-26 20:18:14.024338,0,2908.748871937899
2026-02-26 20:18:14.024405,0,2908.748871937899
2026-02-26 20:18:15.025868,0,2908.748871937899
2026-02-26 20:18:15.026060,0,2908.748871937899
2026-02-26 20:18:16.027498,0,2908.748871937899
2026-02-26 20:18:16.027822,0,2908.748871937899
2026-02-26 20:18:17.029113,0,2908.748871937899
2026-02-26 20:18:17.029620,0,2908.748871937899
2026-02-26 20:18:18.030613,0,2908.748871937899
2026-02-26 20:18:18.031092,0,2908.748871937899
2026-02-26 20:18:19.031991,0,2908.748871937899
2026-02-26 20:18:19.032464,0,2908.748871937899
2026-02-26 20:18:20.033359,0,2908.748871937899
2026-02-26 20:18:20.033819,0,2908.748871937899
2026-02-26 20:20:00.260179,0,0
2026-02-26 20:20:00.260259,0,0
2026-02-26 20:20:01.261782,0,807.6341993749398
2026-02-26 20:20:01.261846,0,807.6341993749398
2026-02-26 20:20:02.263716,0,807.6341993749398
2026-02-26 20:20:02.263805,0,785.886760290565
2026-02-26 20:20:03.265214,0,785.886760290565
2026-02-26 20:20:03.266354,0,759.8716996967318
2026-02-26 20:20:04.266613,0,759.8716996967318
2026-02-26 20:20:04.267850,0,694.5862077525006
2026-02-26 20:20:05.267989,0,694.5862077525006
2026-02-26 20:20:05.268537,0,704.1434512938397
2026-02-26 20:20:06.269404,0,704.1434512938397
2026-02-26 20:20:06.270123,0,717.3200122678859
2026-02-26 20:20:07.270727,0,717.3200122678859
2026-02-26 20:20:07.271492,0,709.7901098212062
2026-02-26 20:20:08.272024,0,709.7901098212062
2026-02-26 20:20:08.272461,1,464.5826083701369
2026-02-26 20:20:09.273326,1,464.5826083701369
2026-02-26 20:20:09.275508,1,362.6913288183218
2026-02-26 20:20:10.276953,1,294.7303852676205
2026-02-26 20:20:11.278311,1,308.02921939322573
2026-02-26 20:20:12.279778,1,463.7779641164509
2026-02-26 20:20:13.281764,0,521.1448934797309
2026-02-26 20:20:14.283599,0,570.9684754870448
2026-02-26 20:20:15.285673,0,609.1387362497971
2026-02-26 20:20:16.286531,0,624.6350934745822
2026-02-26 20:20:17.287972,0,647.9753081715382
2026-02-26 20:20:18.289483,0,656.3322329430423
2026-02-26 20:20:19.292936,0,650.6804131061576
2026-02-26 20:20:20.294577,0,662.4990566031018
2026-02-26 20:20:20.821972,0,662.4990566031018
2026-02-26 20:20:21.295986,0,657.7613549000883
2026-02-26 20:20:21.823339,0,657.7613549000883
2026-02-26 20:20:22.297529,0,657.4960075924416
2026-02-26 20:20:22.824710,0,657.4960075924416
2026-02-26 20:20:23.299075,0,668.3726505475819
2026-02-26 20:20:23.826095,0,668.3726505475819
2026-02-26 20:20:24.300597,0,662.9871793632211
2026-02-26 20:20:24.827470,0,662.9871793632211
2026-02-26 20:20:25.302154,0,589.1434460299122
2026-02-26 20:20:25.829311,0,589.1434460299122
2026-02-26 20:20:26.304224,1,436.1249820865574
2026-02-26 20:20:26.830818,1,436.1249820865574
2026-02-26 20:20:27.305763,1,375.2998800959041
2026-02-26 20:20:28.307211,1,355.27594908746636
2026-02-26 20:20:29.308774,1,301.20092961343926
2026-02-26 20:20:30.310220,0,518.9296676814691
2026-02-26 20:20:31.311656,0,571.1926119970391
2026-02-26 20:20:32.313343,0,606.0924021962328
2026-02-26 20:20:33.314530,0,649.2064386618481
2026-02-26 20:20:34.316180,0,724.1056552741458
2026-02-26 20:20:35.317864,0,782.7196177431609
2026-02-26 20:20:36.319655,0,821.9890510219707
2026-02-26 20:20:37.321570,0,855.3829551727109
2026-02-26 20:20:38.323040,0,858.3874416602331
2026-02-26 20:20:38.375359,0,858.3874416602331
2026-02-26 20:20:39.324763,0,888.9325058743211
2026-02-26 20:20:39.376770,0,888.9325058743211
2026-02-26 20:20:40.326356,0,910.7123585413783
2026-02-26 20:20:40.378114,0,910.7123585413783
2026-02-26 20:20:41.327766,0,916.3323632831049
2026-02-26 20:20:41.379382,0,916.3323632831049
2026-02-26 20:20:42.329197,0,909.3668126779204
2026-02-26 20:20:42.380607,0,909.3668126779204
2026-02-26 20:20:43.330611,0,948.314293892062
2026-02-26 20:20:43.381852,0,948.314293892062
2026-02-26 20:20:44.332026,0,985.1421217266065
2026-02-26 20:20:44.383126,0,985.1421217266065
2026-02-26 20:20:45.333498,0,950.015789342472
2026-02-26 20:20:45.384426,0,950.015789342472
2026-02-26 20:20:46.334933,0,932.8772695269191
2026-02-26 20:20:46.385727,0,932.8772695269191
2026-02-26 20:20:47.336365,0,800.1012435935842
2026-02-26 20:20:47.386151,0,800.1012435935842
2026-02-26 20:20:48.337871,0,884.3585245815184
2026-02-26 20:20:48.387479,0,884.3585245815184
2026-02-26 20:20:49.339418,0,830.6924822098729
2026-02-26 20:20:49.388832,0,830.6924822098729
2026-02-26 20:20:50.340929,0,802.6605758351409
2026-02-26 20:20:50.390176,0,802.6605758351409
2026-02-26 20:20:51.342449,0,791.0802740556738
2026-02-26 20:20:51.391511,0,791.0802740556738
2026-02-26 20:20:52.344889,0,772.5444971003288
2026-02-26 20:20:52.392850,0,772.5444971003288
2026-02-26 20:20:53.346053,0,757.3803535872844
2026-02-26 20:20:53.394180,0,757.3803535872844
2026-02-26 20:20:54.347170,0,737.96476880675
2026-02-26 20:20:54.395527,0,737.96476880675
2026-02-26 20:20:55.348170,0,724.8041114673674
2026-02-26 20:20:55.396796,0,724.8041114673674
2026-02-26 20:20:56.349570,0,722.9723369534964
2026-02-26 20:20:56.398052,0,722.9723369534964
2026-02-26 20:20:57.350992,0,725.3640465311195
2026-02-26 20:20:57.399298,0,725.3640465311195
2026-02-26 20:20:58.352389,0,735.5338197527018
2026-02-26 20:20:58.400539,0,735.5338197527018
2026-02-26 20:20:59.353491,0,736.6627450876011
2026-02-26 20:20:59.401749,0,736.6627450876011
2026-02-26 20:21:00.354732,0,657.4024642484998
2026-02-26 20:21:00.402160,0,657.4024642484998
2026-02-26 20:21:01.355886,0,670.4058472298701
2026-02-26 20:21:01.403483,0,670.4058472298701
2026-02-26 20:21:02.357220,0,697.3700595809946
2026-02-26 20:21:02.404799,0,697.3700595809946
2026-02-26 20:21:03.358278,0,678.1246198155616
2026-02-26 20:21:03.406237,0,678.1246198155616
2026-02-26 20:21:04.359508,0,652.8162069066607
2026-02-26 20:21:04.406956,0,652.8162069066607
2026-02-26 20:21:05.360938,0,613.9462517191549
2026-02-26 20:21:05.408331,0,613.9462517191549
2026-02-26 20:21:06.362346,0,664.9586453306702
2026-02-26 20:21:06.409569,0,664.9586453306702
2026-02-26 20:21:07.362776,0,673.0208020559246
2026-02-26 20:21:07.410820,0,673.0208020559246
2026-02-26 20:21:08.364388,0,627.353170072488
2026-02-26 20:21:08.412151,0,627.353170072488
2026-02-26 20:21:09.365798,0,562.4411080282094
2026-02-26 20:21:09.413169,0,562.4411080282094
2026-02-26 20:21:10.367313,0,503.0983999179485
2026-02-26 20:21:10.414701,0,503.0983999179485
2026-02-26 20:21:11.368861,1,479.6269383593878
2026-02-26 20:21:11.416048,1,479.6269383593878
2026-02-26 20:21:12.370371,0,534.9392488871985
2026-02-26 20:21:13.371818,0,532.5570391986196
2026-02-26 20:21:14.373244,1,452.0199110658733
2026-02-26 20:21:15.374274,1,427.92990080152146
2026-02-26 20:21:16.375752,1,432.7505054878619
2026-02-26 20:21:17.377203,1,445.7140338827127
2026-02-26 20:21:18.378270,1,458.8354824989018
2026-02-26 20:21:19.379762,1,461.1398920067532
2026-02-26 20:21:20.381784,0,501.20853943244026
2026-02-26 20:21:21.385662,1,480.8513283749978
2026-02-26 20:21:22.386272,1,488.0348348222696
2026-02-26 20:21:22.941214,1,488.0348348222696
2026-02-26 20:21:23.388525,1,490.69746280167374
2026-02-26 20:21:24.390062,0,525.6167805540458
2026-02-26 20:21:25.391485,1,486.52235303221164
2026-02-26 20:21:26.392945,0,516.683655634664
2026-02-26 20:21:27.394265,0,549.7935976346032
2026-02-26 20:21:28.395692,0,525.2142420003479
2026-02-26 20:21:29.397619,1,493.34065309885017
2026-02-26 20:21:30.398276,0,501.6502765871858
2026-02-26 20:21:31.399687,0,1107.041101314671
2026-02-26 20:21:32.401107,0,963.719876312614
2026-02-26 20:21:33.402263,0,978.4564374564665
2026-02-26 20:21:33.989762,0,978.4564374564665
2026-02-26 20:21:34.403671,0,726.2761182911083
2026-02-26 20:21:34.991107,0,726.2761182911083
2026-02-26 20:21:35.405207,0,708.6353081804491
2026-02-26 20:21:35.992490,0,708.6353081804491
2026-02-26 20:21:36.406749,0,700.1864037526008
2026-02-26 20:21:36.993872,0,700.1864037526008
2026-02-26 20:21:37.408274,0,718.1538832311637
2026-02-26 20:21:37.995286,0,718.1538832311637
2026-02-26 20:21:38.409855,0,739.3402464359694
2026-02-26 20:21:38.996704,0,739.3402464359694
2026-02-26 20:21:39.410700,0,922.4185600908082
2026-02-26 20:21:39.998115,0,922.4185600908082
2026-02-26 20:21:40.412231,0,936.518019047151
2026-02-26 20:21:40.999513,0,936.518019047151
2026-02-26 20:21:41.413795,0,808.238207461142
2026-02-26 20:21:42.000842,0,808.238207461142
2026-02-26 20:21:42.415380,0,687.4489071923819
2026-02-26 20:21:43.002161,0,687.4489071923819
2026-02-26 20:21:43.416793,0,697.9405418801805
2026-02-26 20:21:44.003474,0,697.9405418801805
2026-02-26 20:21:44.418221,0,795.6663873760158
2026-02-26 20:21:45.004776,0,795.6663873760158
2026-02-26 20:21:45.419644,0,698.7453040987109
2026-02-26 20:21:46.006088,0,698.7453040987109
2026-02-27 23:22:08.645784,0,0
2026-02-27 23:22:08.645898,0,0
2026-02-27 23:22:09.648996,1,273.3093485411723
2026-02-27 23:22:09.649060,1,273.3093485411723
2026-02-27 23:24:11.848507,0,0
2026-02-27 23:24:11.848589,0,0
2026-02-27 23:24:12.850098,0,0
2026-02-27 23:24:12.850158,1,274.18242102658587
2026-02-27 23:24:13.851636,1,276.14670014323906
2026-02-27 23:24:13.851701,1,274.18242102658587
2026-02-27 23:25:15.084926,0,0
2026-02-27 23:25:15.089917,0,0
2026-02-27 23:25:16.091274,1,271.1180554666177
2026-02-27 23:25:16.091337,1,271.1180554666177
2026-02-27 23:28:29.712938,0,0
2026-02-27 23:28:29.718448,0,0
2026-02-27 23:28:30.714360,1,280.04463929880893
2026-02-27 23:28:30.719681,1,280.04463929880893
2026-02-27 23:28:31.716068,1,280.04463929880893
2026-02-27 23:28:32.716756,1,279.0286723618202
2026-02-27 23:28:33.718518,1,262.3451924468981
2026-02-27 23:28:34.720239,1,238.88281646028875
2026-02-27 23:28:35.721916,1,216.96543503516867
2026-02-27 23:28:36.723542,1,218.51544567833184
2026-02-27 23:28:37.724671,1,208.33866659840174
2026-02-27 23:28:38.726245,0,0.0
2026-02-27 23:28:39.727758,0,0.0
2026-02-27 23:28:40.729214,0,0.0
2026-02-27 23:28:41.730727,0,0.0
2026-02-27 23:28:41.811176,0,0.0
2026-02-27 23:28:42.732258,0,0.0
2026-02-27 23:28:42.812553,0,0.0
2026-02-27 23:28:43.733766,0,0.0
2026-02-27 23:28:43.813923,0,0.0
2026-02-27 23:28:44.735268,0,0.0
2026-02-27 23:28:44.815290,0,0.0
2026-02-27 23:28:45.736772,0,0.0
2026-02-27 23:28:45.816677,0,0.0
2026-02-27 23:28:46.738279,0,0.0
2026-02-27 23:28:46.818029,0,0.0
2026-02-27 23:28:47.739564,0,0.0
2026-02-27 23:28:47.819331,0,0.0
2026-02-27 23:28:48.740364,0,0.0
2026-02-27 23:28:48.820490,0,0.0
2026-02-27 23:28:49.741429,1,253.87004549572208
2026-02-27 23:28:49.821573,1,253.87004549572208
2026-02-27 23:28:50.742830,1,262.2746651889961
2026-02-27 23:28:51.744662,1,264.5996976566678
2026-02-27 23:28:52.746139,1,266.0
2026-02-27 23:28:53.747556,1,309.23292192132453
2026-02-27 23:28:54.748500,1,311.75150360503477
2026-02-27 23:28:55.749900,1,311.01446911679204
2026-02-27 23:28:56.751304,1,301.51782700198675
2026-02-27 23:28:57.752724,1,301.5244600359977
2026-02-27 23:28:58.756107,1,265.5051788572118
2026-02-27 23:28:59.757787,1,286.8030683238936
2026-02-27 23:29:00.759300,1,310.5221409175198
2026-02-27 23:29:01.359496,1,310.5221409175198
2026-02-27 23:29:01.761602,1,355.7316404257569
2026-02-27 23:29:02.764607,1,330.75217308432
2026-02-27 23:29:03.766069,1,321.0015576286196
2026-02-27 23:29:04.767773,1,321.024921150991
2026-02-27 23:29:05.769302,1,307.23606559126483
2026-02-27 23:29:06.770774,1,294.20061182805176
2026-02-27 23:29:07.772274,1,298.24151287169934
2026-02-27 23:29:08.773739,1,289.0882218285622
2026-02-27 23:29:09.775197,1,284.96491012052695
2026-02-27 23:29:10.776691,1,269.45871668958864
2026-02-27 23:29:11.778308,1,283.6705836000624
2026-02-27 23:29:12.466581,1,283.6705836000624
2026-02-27 23:29:12.779768,0,1012.763545947424
2026-02-27 23:29:13.781334,0,1438.3549631436601
2026-02-27 23:29:14.783278,0,0.0
2026-02-27 23:29:15.784683,0,0.0
2026-02-27 23:29:16.786217,0,0.0
2026-02-27 23:29:17.788587,0,1009.603882718366
2026-02-27 23:29:18.790324,0,801.1042379116466
2026-02-27 23:29:19.792329,1,393.96065793426635
2026-02-27 23:29:20.793955,0,1282.267522789219
2026-02-27 23:29:21.794857,0,1056.2788457599631
2026-02-27 23:29:22.796350,1,373.80743705817304
2026-02-27 23:29:23.520596,1,373.80743705817304
2026-02-27 23:29:23.797745,1,355.7639666970223
2026-02-27 23:29:24.799248,1,331.3125412657963
2026-02-27 23:29:25.800519,1,313.2491021535417
2026-02-27 23:29:26.801932,1,334.5982665824795
2026-02-27 23:29:27.803415,0,715.7436692000845
2026-02-27 23:29:28.804570,0,880.2596207937747
2026-02-27 23:29:29.806052,0,647.3461207113239
2026-02-27 23:29:30.807558,1,473.12788968734446
2026-02-27 23:29:31.809035,1,397.70969311798274
2026-02-27 23:29:32.810491,1,341.5406271587613
2026-02-27 23:29:33.811642,1,289.69811873741946
2026-02-27 23:29:34.571537,1,289.69811873741946
2026-02-27 23:29:34.813080,1,298.30353668704635
2026-02-28 11:11:09.743404,0,0
2026-02-28 11:11:09.743510,0,0
2026-02-28 11:11:10.745294,0,543.9531229802803
2026-02-28 11:11:10.745359,0,0
2026-02-28 11:11:11.746996,0,543.9531229802803
2026-02-28 11:11:11.747084,0,536.3552926931923
2026-02-28 11:11:12.748763,0,536.3552926931923
2026-02-28 11:11:12.748850,0,527.4182401093083
2026-02-28 11:11:13.750497,0,527.4182401093083
2026-02-28 11:11:13.750621,0,551.6130890397725
2026-02-28 11:11:14.752186,0,551.6130890397725
2026-02-28 11:11:14.752272,0,578.6415125101206
2026-02-28 11:11:15.753601,0,578.6415125101206
2026-02-28 11:11:15.754541,0,783.0108556080178
2026-02-28 11:11:16.754968,0,783.0108556080178
2026-02-28 11:11:16.755923,0,1719.8616223405882
2026-02-28 11:11:17.756276,0,1719.8616223405882
2026-02-28 11:11:17.760838,0,2710.0940943074283
2026-02-28 11:11:18.757552,0,2710.0940943074283
2026-02-28 11:11:18.764814,0,3556.3707624487074
2026-02-28 11:11:19.758822,0,3556.3707624487074
2026-02-28 11:11:19.766089,0,3832.170794732406
2026-02-28 11:11:20.760098,0,3832.170794732406
2026-02-28 11:11:20.767351,0,688.7960510920486
2026-02-28 11:11:21.761375,0,688.7960510920486
2026-02-28 11:11:21.768640,0,689.5462276018918
2026-02-28 11:11:22.762707,0,689.5462276018918
2026-02-28 11:11:22.769991,0,699.8528416745909
2026-02-28 11:11:23.764051,0,699.8528416745909
2026-02-28 11:11:23.771352,0,697.4983870949094
2026-02-28 11:11:24.765400,0,697.4983870949094
2026-02-28 11:11:24.772735,0,651.4207549656367
2026-02-28 11:11:25.766770,0,651.4207549656367
2026-02-28 11:11:25.774135,0,631.9216723613774
2026-02-28 11:11:26.768146,0,631.9216723613774
2026-02-28 11:11:26.775542,0,657.2001217285341
2026-02-28 11:11:27.769512,0,657.2001217285341
2026-02-28 11:11:27.776932,0,659.4854054488242
2026-02-28 11:11:28.770875,0,659.4854054488242
2026-02-28 11:11:28.778319,0,673.5725647619564
2026-02-28 11:11:29.772171,0,673.5725647619564
2026-02-28 11:11:29.779613,0,651.5596672600292
2026-02-28 11:11:30.773443,0,651.5596672600292
2026-02-28 11:11:30.780896,0,644.3081560868216
2026-02-28 11:11:31.774724,0,644.3081560868216
2026-02-28 11:11:31.782180,0,679.5770743631659
2026-02-28 11:11:32.775995,0,679.5770743631659
2026-02-28 11:11:32.783444,0,702.6933897511773
2026-02-28 11:11:33.777256,0,702.6933897511773
2026-02-28 11:11:33.784718,0,689.2445139426211
2026-02-28 11:11:34.778584,0,689.2445139426211
2026-02-28 11:11:34.786066,0,711.3683996355194
2026-02-28 11:11:35.779942,0,711.3683996355194
2026-02-28 11:11:35.787437,0,680.3601987182966
2026-02-28 11:11:36.781300,0,680.3601987182966
2026-02-28 11:11:36.788826,0,682.3210388079793
2026-02-28 11:11:37.782648,0,682.3210388079793
2026-02-28 11:11:37.790182,0,689.2292797030608
2026-02-28 11:11:38.784000,0,689.2292797030608
2026-02-28 11:11:38.791545,0,676.4924242000054
2026-02-28 11:11:39.785355,0,676.4924242000054
2026-02-28 11:11:39.792925,0,659.4459795919602
2026-02-28 11:11:40.786712,0,659.4459795919602
2026-02-28 11:11:40.794318,0,688.058863760943
2026-02-28 11:11:41.788795,0,688.058863760943
2026-02-28 11:11:41.795610,0,604.358337412499
2026-02-28 11:11:42.790074,0,604.358337412499
2026-02-28 11:11:42.796880,0,530.0962176812809
2026-02-28 11:11:43.791348,0,530.0962176812809
2026-02-28 11:11:43.798151,0,519.4660720393586
2026-02-28 11:11:44.792631,0,519.4660720393586
2026-02-28 11:11:44.799419,0,531.4216781426968
2026-02-28 11:11:45.793902,0,531.4216781426968
2026-02-28 11:11:45.800708,0,589.9237238830118
2026-02-28 11:11:46.795269,0,589.9237238830118
2026-02-28 11:11:46.802080,1,474.54609891979936
2026-02-28 11:11:47.796642,1,474.54609891979936
2026-02-28 11:11:47.803533,1,364.97123174299645
2026-02-28 11:11:48.805031,1,304.2449670906653
2026-02-28 11:11:49.806466,1,384.94804844290354
2026-02-28 11:11:50.807887,1,494.27118062861
2026-02-28 11:11:51.808928,0,596.8718455414026
2026-02-28 11:11:52.810331,0,600.2466159837971
2026-02-28 11:11:53.811750,0,602.130384551386
2026-02-28 11:11:54.813160,0,611.0
2026-02-28 11:11:55.814572,0,622.8226071683654
2026-02-28 11:11:56.817716,0,636.9403425753467
2026-02-28 11:11:57.819213,0,622.1069039964112
2026-02-28 11:11:58.820723,0,644.8131512306492
2026-02-28 11:11:59.378142,0,644.8131512306492
2026-02-28 11:11:59.822231,0,660.3279488254302
2026-02-28 11:12:00.379581,0,660.3279488254302
2026-02-28 11:12:00.823742,0,605.9785474750736
2026-02-28 11:12:01.381005,0,605.9785474750736
2026-02-28 11:12:01.826698,0,644.5618666970611
2026-02-28 11:12:02.382420,0,644.5618666970611
2026-02-28 11:12:02.828210,0,720.6469315830047
2026-02-28 11:12:03.383783,0,720.6469315830047
2026-02-28 11:12:03.829726,0,798.0682928170997
2026-02-28 11:12:04.384873,0,798.0682928170997
2026-02-28 11:12:04.831151,0,816.8384173139752
2026-02-28 11:12:05.386082,0,816.8384173139752
2026-02-28 11:12:05.832554,0,727.3403604915652
2026-02-28 11:12:06.387363,0,727.3403604915652
2026-02-28 11:12:06.835292,0,685.9635558832554
2026-02-28 11:12:07.388821,0,685.9635558832554
2026-02-28 11:12:07.836704,0,696.0028735572864
2026-02-28 11:12:08.390116,0,696.0028735572864
2026-02-28 11:12:08.838093,0,702.8356849221587
2026-02-28 11:12:09.391392,0,702.8356849221587
2026-02-28 11:12:09.839578,0,744.5998925597559
2026-02-28 11:12:10.392769,0,744.5998925597559
2026-02-28 11:12:10.841110,0,691.922683542027
2026-02-28 11:12:11.394144,0,691.922683542027
2026-02-28 11:12:11.845028,0,745.0805325600717
2026-02-28 11:12:12.395529,0,745.0805325600717
2026-02-28 11:12:12.846320,0,686.5347769778309
2026-02-28 11:12:13.396888,0,686.5347769778309
2026-02-28 11:12:13.847841,0,644.0566745248434
2026-02-28 11:12:14.398256,0,644.0566745248434
2026-02-28 11:12:14.849357,0,654.2973330222278
2026-02-28 11:12:15.399629,0,654.2973330222278
2026-02-28 11:12:15.850860,0,709.3215067936401
2026-02-28 11:12:16.400911,0,709.3215067936401
2026-02-28 11:12:16.852286,0,680.4564644413337
2026-02-28 11:12:17.402233,0,680.4564644413337
2026-02-28 11:12:17.853687,0,658.0577482257921
2026-02-28 11:12:18.403520,0,658.0577482257921
2026-02-28 11:12:18.855078,0,640.1757571167468
2026-02-28 11:12:19.404800,0,640.1757571167468
2026-02-28 11:12:19.856466,0,573.470138716917
2026-02-28 11:12:20.406080,0,573.470138716917
2026-02-28 11:12:20.857864,0,514.2810515661646
2026-02-28 11:12:21.407360,0,514.2810515661646
2026-02-28 11:12:21.859368,0,533.5775482532974
2026-02-28 11:12:24.489739,1,447.947541571555
2026-02-28 11:12:24.490138,1,447.947541571555
2026-02-28 11:12:25.491257,1,463.1554814530429
2026-02-28 11:12:26.492682,1,461.74126954388646
2026-02-28 11:12:27.494084,1,439.15942435521066
2026-02-28 11:12:28.495058,1,440.8820703997839
2026-02-28 11:12:29.500551,1,448.3257744096362
2026-02-28 11:12:30.502068,1,477.42852868256625
2026-02-28 11:12:31.503525,1,423.6000472143505
2026-02-28 11:12:32.505002,1,405.02839406639134
2026-02-28 11:12:33.506423,1,299.8416248621929
2026-02-28 11:12:34.507823,1,248.60008045050992
2026-02-28 11:12:35.509213,1,238.10081898221182
2026-02-28 11:12:36.015483,1,238.10081898221182
2026-02-28 11:12:36.510615,1,452.994481202586
2026-02-28 11:12:37.511255,0,549.7490336508105
2026-02-28 11:12:38.513007,0,611.9027700541974
2026-02-28 11:12:39.515396,0,703.086054476975
2026-02-28 11:12:40.517973,0,731.4984620626349
2026-02-28 11:12:41.519465,0,731.4164340510814
2026-02-28 11:12:42.521001,0,735.3706548401289
2026-02-28 11:12:43.523120,0,751.3487871820917
2026-02-28 11:12:44.524797,0,814.7815658199441
2026-02-28 11:12:45.526345,0,833.6120200668894
2026-02-28 11:12:46.528037,0,735.8702331253793
2026-02-28 11:12:47.076940,0,735.8702331253793
2026-02-28 11:12:47.529435,0,757.7209248793384
2026-02-28 11:12:48.078275,0,757.7209248793384
2026-02-28 11:12:48.530822,0,748.1082809326468
2026-02-28 11:12:49.079560,0,748.1082809326468
2026-02-28 11:12:49.532206,0,710.9437389836132
2026-02-28 11:12:50.080853,0,710.9437389836132
2026-02-28 11:12:50.533591,0,737.5913502746625
2026-02-28 11:12:51.082143,0,737.5913502746625
2026-02-28 11:12:51.534972,0,723.9564904053282
2026-02-28 11:12:52.083487,0,723.9564904053282
2026-02-28 11:12:52.536356,0,719.9805552929885
2026-02-28 11:12:53.084805,0,719.9805552929885
2026-02-28 11:12:53.537742,0,725.0958557321921
2026-02-28 11:12:54.086074,0,725.0958557321921
2026-02-28 11:12:54.539122,0,722.8222464755771
2026-02-28 11:12:55.087333,0,722.8222464755771
2026-02-28 11:12:55.540497,0,729.937668571776
2026-02-28 11:12:56.088591,0,729.937668571776
2026-02-28 11:12:56.541878,0,746.8038564442473
2026-02-28 11:12:57.089867,0,746.8038564442473
2026-02-28 11:12:57.543355,0,745.6037821792484
2026-02-28 11:12:58.091205,0,745.6037821792484
2026-02-28 11:12:58.544854,0,751.0659092250161
2026-02-28 11:12:59.092576,0,751.0659092250161
2026-02-28 11:12:59.546369,0,748.5753135122744
2026-02-28 11:13:00.093971,0,748.5753135122744
2026-02-28 11:13:00.547786,0,728.4016749019733
2026-02-28 11:13:01.095292,0,728.4016749019733
2026-02-28 11:13:01.549189,0,737.722169925779
2026-02-28 11:13:02.096589,0,737.722169925779
2026-02-28 11:13:02.550588,0,756.7331101517892
2026-02-28 11:13:03.097905,0,756.7331101517892
2026-02-28 11:13:03.552012,0,775.5804278087477
2026-02-28 11:13:04.099188,0,775.5804278087477
2026-02-28 11:13:04.555725,0,738.9106847244801
2026-02-28 11:13:05.100474,0,738.9106847244801
2026-02-28 11:13:05.557323,0,730.3102080623
2026-02-28 11:13:06.101343,0,730.3102080623
2026-02-28 11:13:06.558739,0,729.1159029948531
2026-02-28 11:13:07.102670,0,729.1159029948531
2026-02-28 11:13:07.560146,0,723.3049149563412
2026-02-28 11:13:08.103982,0,723.3049149563412
2026-02-28 11:13:08.560938,0,706.6887575163482
2026-02-28 11:13:09.105278,0,706.6887575163482
2026-02-28 11:13:09.562341,0,709.1290432636362
2026-02-28 11:13:10.106569,0,709.1290432636362
2026-02-28 11:13:10.563747,0,736.8174807915458
2026-02-28 11:13:11.107855,0,736.8174807915458
2026-02-28 11:13:11.565250,0,733.3975729438979
2026-02-28 11:13:12.109203,0,733.3975729438979
2026-02-28 11:13:12.566765,0,773.2334705637102
2026-02-28 11:13:13.110572,0,773.2334705637102
2026-02-28 11:13:13.568288,0,733.8078767633937
2026-02-28 11:13:14.111954,0,733.8078767633937
2026-02-28 11:13:14.569809,0,750.2866119024116
2026-02-28 11:13:15.113324,0,750.2866119024116
2026-02-28 11:13:15.571223,0,684.5297656055578
2026-02-28 11:13:16.114646,0,684.5297656055578
2026-02-28 11:13:16.572632,0,668.3367414709444
2026-02-28 11:13:17.115941,0,668.3367414709444
2026-02-28 11:13:17.574025,0,687.2044819411468
2026-02-28 11:13:18.117230,0,687.2044819411468
2026-02-28 11:13:18.575424,0,704.3756100263552
2026-02-28 11:13:19.118536,0,704.3756100263552
2026-02-28 11:13:19.576848,0,629.2574989620704
2026-02-28 11:13:20.119843,0,629.2574989620704
2026-02-28 11:13:20.578364,0,691.6277900720878
2026-02-28 11:13:21.121200,0,691.6277900720878
2026-02-28 11:13:21.579891,0,705.311987704732
2026-02-28 11:13:22.122596,0,705.311987704732
2026-02-28 11:13:22.581323,0,763.9803662398662
2026-02-28 11:13:23.123914,0,763.9803662398662
2026-02-28 11:13:23.582725,0,760.7417433005763
2026-02-28 11:13:24.125201,0,760.7417433005763
2026-02-28 11:13:24.584132,0,757.3031097255576
2026-02-28 11:13:25.126490,0,757.3031097255576
2026-02-28 11:13:25.585530,0,878.5949009640336
2026-02-28 11:13:26.127805,0,878.5949009640336
2026-02-28 11:13:26.586952,0,836.1937574509869
2026-02-28 11:13:27.128875,0,836.1937574509869
2026-02-28 11:13:27.588500,0,835.4890783247857
2026-02-28 11:13:28.132902,0,835.4890783247857
2026-02-28 11:13:28.594016,0,594.1733753711958
2026-02-28 11:13:29.133685,0,594.1733753711958
2026-02-28 11:13:29.595418,0,666.9670156761877
2026-02-28 11:13:30.134474,0,666.9670156761877
2026-02-28 11:13:30.596820,0,652.8713502674168
2026-02-28 11:13:31.135281,0,652.8713502674168
2026-02-28 11:13:31.598209,0,751.0126496937319
2026-02-28 11:13:32.136085,0,751.0126496937319
2026-02-28 11:13:32.599705,0,777.273439659429
2026-02-28 11:13:33.136983,0,777.273439659429
2026-02-28 11:13:33.601228,0,743.9623646395024
2026-02-28 11:13:34.137810,0,743.9623646395024
2026-02-28 11:13:34.602862,0,716.9553682064177
2026-02-28 11:13:35.138670,0,716.9553682064177
2026-02-28 11:13:35.604425,0,720.2360724095954
2026-02-28 11:13:36.139444,0,720.2360724095954
2026-02-28 11:13:36.605949,0,692.2954571568414
2026-02-28 11:13:37.140261,0,692.2954571568414
2026-02-28 11:13:37.607467,0,672.8803756983851
2026-02-28 11:13:38.141079,0,672.8803756983851
2026-02-28 11:13:38.609000,0,804.0795980498448
2026-02-28 11:13:39.144812,0,804.0795980498448
2026-02-28 11:13:39.610421,0,777.6297319418799
2026-02-28 11:13:40.145340,0,777.6297319418799
2026-02-28 11:13:40.611834,0,757.9406309203907
2026-02-28 11:13:41.146140,0,757.9406309203907
2026-02-28 11:13:41.613226,0,791.4145563483148
2026-02-28 11:13:42.146960,0,791.4145563483148
2026-02-28 11:13:42.614632,0,758.9005204900046
2026-02-28 11:13:43.147775,0,758.9005204900046
2026-02-28 11:13:43.616031,0,721.1102550927978
2026-02-28 11:13:44.148614,0,721.1102550927978
2026-02-28 11:13:44.617428,0,719.801361488015
2026-02-28 11:13:45.149433,0,719.801361488015
2026-02-28 11:13:45.618848,0,752.6386915379783
2026-02-28 11:13:46.150253,0,752.6386915379783
2026-02-28 11:13:46.620321,0,834.1372788696115
2026-02-28 11:13:47.151076,0,834.1372788696115
2026-02-28 11:13:47.622000,0,813.2976085050293
2026-02-28 11:13:48.151893,0,813.2976085050293
2026-02-28 11:13:48.623402,0,784.2563356454317
2026-02-28 11:13:49.153259,0,784.2563356454317
2026-02-28 11:13:49.624913,0,770.8391531311834
2026-02-28 11:13:50.154630,0,770.8391531311834
2026-02-28 11:13:50.628912,0,750.0306660397293
2026-02-28 11:13:51.155928,0,750.0306660397293
2026-02-28 11:13:51.631247,0,763.867135043785
2026-02-28 11:13:52.157213,0,763.867135043785
2026-02-28 11:13:52.632657,0,676.4502938132262
2026-02-28 11:13:53.158507,0,676.4502938132262
2026-02-28 11:13:53.634047,0,646.2236454974392
2026-02-28 11:13:54.161729,0,646.2236454974392
2026-02-28 11:13:54.635434,0,574.4005571027939
2026-02-28 11:13:55.163012,0,574.4005571027939
2026-02-28 11:13:55.636857,0,597.0678353420154
2026-02-28 11:13:56.164362,0,597.0678353420154
2026-02-28 11:13:56.638347,0,601.8479874519811
2026-02-28 11:13:57.165747,0,601.8479874519811
2026-02-28 11:13:57.639731,0,607.5425910995871
2026-02-28 11:13:58.167132,0,607.5425910995871
2026-02-28 11:13:58.641390,0,619.652321870902
2026-02-28 11:13:59.168509,0,619.652321870902
2026-02-28 11:13:59.642898,0,643.7367474364036
2026-02-28 11:14:00.169894,0,643.7367474364036
2026-02-28 11:14:00.644407,0,675.5457053375442
2026-02-28 11:14:01.171263,0,675.5457053375442
2026-02-28 11:14:01.645924,0,722.4029346562761
2026-02-28 11:14:02.172655,0,722.4029346562761
2026-02-28 11:14:02.647330,0,686.0502897018556
2026-02-28 11:14:03.173957,0,686.0502897018556
2026-02-28 11:14:03.648719,0,726.6725534929745
2026-02-28 11:14:04.175230,0,726.6725534929745
2026-02-28 11:14:04.650090,0,716.4502774093957
2026-02-28 11:14:05.176481,0,716.4502774093957
2026-02-28 11:14:05.651455,0,666.8163165370206
2026-02-28 11:14:06.177735,0,666.8163165370206
2026-02-28 11:14:06.652842,0,676.7924349458998
2026-02-28 11:14:07.179013,0,676.7924349458998
2026-02-28 11:14:07.654312,0,680.2940540677979
2026-02-28 11:14:08.180363,0,680.2940540677979
2026-02-28 11:14:08.655807,0,721.4159687725245
2026-02-28 11:14:09.181731,0,721.4159687725245
2026-02-28 11:14:09.657294,0,829.9355396655815
2026-02-28 11:14:10.183095,0,829.9355396655815
2026-02-28 11:14:10.658779,0,714.8090654153737
2026-02-28 11:14:11.184460,0,714.8090654153737
2026-02-28 11:14:11.660266,0,731.3309784222189
2026-02-28 11:14:12.185832,0,731.3309784222189
2026-02-28 11:14:12.661789,0,745.4133081720503
2026-02-28 11:14:13.187206,0,745.4133081720503
2026-02-28 11:14:13.663278,0,699.217419691472
2026-02-28 11:14:14.188535,0,699.217419691472
2026-02-28 11:14:14.668841,0,701.3080635498212
2026-02-28 11:14:15.190322,0,701.3080635498212
2026-02-28 11:14:15.669392,0,684.2879510849216
2026-02-28 11:14:16.191615,0,684.2879510849216
2026-02-28 11:14:16.670785,0,708.1899462714788
2026-02-28 11:14:17.192798,0,708.1899462714788
2026-02-28 11:14:17.672167,0,653.7598947625955
2026-02-28 11:14:18.194089,0,653.7598947625955
2026-02-28 11:14:18.672911,0,648.2484091766057
2026-02-28 11:14:19.195398,0,648.2484091766057
2026-02-28 11:14:19.674440,0,704.1945753838211
2026-02-28 11:14:20.196773,0,704.1945753838211
2026-02-28 11:14:20.675951,0,725.9593652540065
2026-02-28 11:14:21.198161,0,725.9593652540065
2026-02-28 11:14:21.677466,0,737.7594458900543
2026-02-28 11:14:22.199539,0,737.7594458900543
2026-02-28 11:14:22.678976,0,759.7433777269796
2026-02-28 11:14:23.200915,0,759.7433777269796
2026-02-28 11:14:23.680483,0,765.4704435835521
2026-02-28 11:14:24.202286,0,765.4704435835521
2026-02-28 11:14:24.682923,0,829.2466460589394
2026-02-28 11:14:25.203659,0,829.2466460589394
2026-02-28 11:14:25.684436,0,880.2647329070954
2026-02-28 11:14:26.204968,0,880.2647329070954
2026-02-28 11:14:26.685850,0,839.5486882843662
2026-02-28 11:14:27.206260,0,839.5486882843662
2026-02-28 11:14:27.687240,0,844.400378967229
2026-02-28 11:14:28.207562,0,844.400378967229
2026-02-28 11:14:28.688643,0,665.450974903486
2026-02-28 11:14:29.208868,0,665.450974903486
2026-02-28 11:14:29.690945,0,719.2058119898643
2026-02-28 11:14:30.210176,0,719.2058119898643
2026-02-28 11:14:30.692340,0,1341.6534574919115
2026-02-28 11:14:31.211557,0,1341.6534574919115
2026-02-28 11:14:31.693835,0,2167.045223339836
2026-02-28 11:14:32.212961,0,2167.045223339836
2026-02-28 11:14:32.695351,0,3033.3390842436324
2026-02-28 11:14:33.214346,0,3033.3390842436324
2026-02-28 11:14:33.696940,0,4258.124000073271
2026-02-28 11:14:34.215691,0,4258.124000073271
2026-02-28 11:14:34.698416,0,5249.208416513865
2026-02-28 11:14:35.216907,0,5249.208416513865
2026-02-28 11:14:35.699864,0,5324.870890453589
2026-02-28 11:14:36.218248,0,5324.870890453589
2026-02-28 11:14:36.700737,0,5324.870890453589
2026-02-28 11:14:37.219542,0,5324.870890453589
2026-02-28 11:14:37.701325,0,5324.870890453589
2026-02-28 11:14:38.220830,0,5324.870890453589
2026-02-28 11:14:38.702764,0,5324.870890453589
2026-02-28 11:14:39.222122,0,5324.870890453589
2026-02-28 11:14:39.704166,0,5324.870890453589
2026-02-28 11:14:40.223437,0,5324.870890453589
2026-02-28 11:14:40.705560,0,5324.870890453589
2026-02-28 11:14:41.224734,0,5324.870890453589
2026-02-28 11:14:41.706953,0,5324.870890453589
2026-02-28 11:14:42.226018,0,5324.870890453589
2026-02-28 11:14:42.708342,0,5324.870890453589
2026-02-28 11:14:43.227310,0,5324.870890453589
2026-02-28 11:14:43.709731,0,5324.870890453589
2026-02-28 11:14:44.228672,0,5324.870890453589
2026-02-28 11:14:44.711220,0,5324.870890453589
2026-02-28 11:14:45.231019,0,5324.870890453589
2026-02-28 11:14:45.712758,0,5324.870890453589
2026-02-28 11:14:46.232387,0,5324.870890453589
2026-02-28 11:14:46.714058,0,5324.870890453589
2026-02-28 11:14:47.232893,0,5324.870890453589
2026-02-28 11:14:47.715487,0,5324.870890453589
2026-02-28 11:14:48.234357,0,5324.870890453589
2026-02-28 11:14:48.716770,0,5324.870890453589
2026-02-28 11:14:49.235643,0,5324.870890453589
2026-02-28 11:14:49.718176,0,5324.870890453589
2026-02-28 11:14:50.236972,0,5324.870890453589
2026-02-28 11:14:50.719575,0,5324.870890453589
2026-02-28 11:14:51.238265,0,5324.870890453589
2026-02-28 11:14:51.720969,0,5324.870890453589
2026-02-28 11:14:52.239627,0,5324.870890453589
2026-02-28 11:14:52.722468,0,5324.870890453589
2026-02-28 11:14:53.241011,0,5324.870890453589
2026-02-28 11:14:53.723984,0,5324.870890453589
2026-02-28 11:14:54.242390,0,5324.870890453589
2026-02-28 11:14:54.725501,0,5324.870890453589
2026-02-28 11:14:55.245177,0,5324.870890453589
2026-02-28 11:14:55.727013,0,5324.870890453589
2026-02-28 11:14:56.246550,0,5324.870890453589
2026-02-28 11:14:56.728528,0,5324.870890453589
2026-02-28 11:14:57.247926,0,5324.870890453589
2026-02-28 11:14:57.730084,0,5324.870890453589
2026-02-28 11:14:58.249300,0,5324.870890453589
2026-02-28 11:14:58.731606,0,5324.870890453589
2026-02-28 11:14:59.250679,0,5324.870890453589
2026-02-28 11:14:59.733041,0,2984.7212600174244
2026-02-28 11:15:00.252054,0,2984.7212600174244
2026-02-28 11:15:00.734567,0,2226.0217878538388
2026-02-28 11:15:01.253421,0,2226.0217878538388
2026-02-28 11:15:01.735986,0,1463.7547608803873
2026-02-28 11:15:02.254724,0,1463.7547608803873
2026-02-28 11:15:02.736937,0,731.7103251970686
2026-02-28 11:15:03.256019,0,731.7103251970686
2026-02-28 11:15:03.738337,1,496.5259308434958
2026-02-28 11:15:04.257308,1,496.5259308434958
2026-02-28 11:15:04.739762,0,0.0
2026-02-28 11:15:05.741166,0,543.3461143691009
2026-02-28 11:15:06.742573,0,623.8020519363495
2026-02-28 11:15:07.744120,0,707.4941695872836
2026-02-28 11:15:08.745072,0,703.401023598914
2026-02-28 11:15:09.746508,0,714.370352128362
2026-02-28 11:15:10.747930,0,731.1251602837916
2026-02-28 11:15:11.749339,0,764.2669690625129
2026-02-28 11:15:12.750845,0,736.6851430563806
2026-02-28 11:15:13.752279,0,707.5266779422526
2026-02-28 11:15:14.753732,0,794.58165093337
2026-02-28 11:15:15.755140,0,898.3106366953472
2026-02-28 11:15:15.789540,0,898.3106366953472
2026-02-28 11:15:16.756642,0,984.7197570882794
2026-02-28 11:15:16.790788,0,984.7197570882794
2026-02-28 11:15:17.758151,0,912.1518513931768
2026-02-28 11:15:17.792056,0,912.1518513931768
2026-02-28 11:15:18.759671,0,843.2585605850675
2026-02-28 11:15:18.793329,0,843.2585605850675
2026-02-28 11:15:19.761230,0,920.2706123744255
2026-02-28 11:15:19.794589,0,920.2706123744255
2026-02-28 11:15:20.762637,0,909.6208001139815
2026-02-28 11:15:20.795863,0,909.6208001139815
2026-02-28 11:15:21.764098,0,736.6437402163953
2026-02-28 11:15:21.797203,0,736.6437402163953
2026-02-28 11:15:22.765512,0,805.5010862810801
2026-02-28 11:15:22.798469,0,805.5010862810801
2026-02-28 11:15:23.766907,0,810.4171765208337
2026-02-28 11:15:23.799182,0,810.4171765208337
2026-02-28 11:15:24.768396,0,842.3455348014851
2026-02-28 11:15:24.800454,0,842.3455348014851
2026-02-28 11:15:25.769798,1,406.20807475972214
2026-02-28 11:15:25.804759,1,406.20807475972214
2026-02-28 11:15:26.771201,0,557.5123317021786
2026-02-28 11:15:27.772629,0,729.6382665403453
2026-02-28 11:15:28.774053,0,858.3355987025121
2026-02-28 11:15:29.775468,0,904.0796425094418
2026-02-28 11:15:30.776922,0,947.8570567337672
2026-02-28 11:15:31.778407,0,1398.2024173917023
2026-02-28 11:15:32.780175,0,1483.4004853713645
2026-02-28 11:15:33.781684,0,1483.4004853713645
2026-02-28 11:15:34.783213,0,1483.4004853713645
2026-02-28 11:15:35.784744,0,1663.1743745019642
2026-02-28 11:15:36.785358,0,1836.7365080489906
2026-02-28 11:15:37.339909,0,1836.7365080489906
2026-02-28 11:15:37.786764,0,1866.8950157949428
2026-02-28 11:15:38.341203,0,1866.8950157949428
2026-02-28 11:15:38.788160,0,1881.2657972758661
2026-02-28 11:15:39.342495,0,1881.2657972758661
2026-02-28 11:15:39.789007,0,1881.2657972758661
2026-02-28 11:15:40.343787,0,1881.2657972758661
2026-02-28 11:15:40.794012,0,1849.3944955038662
2026-02-28 11:15:41.345144,0,1849.3944955038662
2026-02-28 11:15:41.795521,0,1799.9347210385158
2026-02-28 11:15:42.346518,0,1799.9347210385158
2026-02-28 11:15:42.797040,0,1786.7271755922895
2026-02-28 11:15:43.349215,0,1786.7271755922895
2026-02-28 11:15:43.798180,0,1565.1456801205438
2026-02-28 11:15:44.350587,0,1565.1456801205438
2026-02-28 11:15:44.799962,0,715.6675205708304
2026-02-28 11:15:45.351960,0,715.6675205708304
2026-02-28 11:15:45.801482,0,577.3872184245162
2026-02-28 11:15:46.353337,0,577.3872184245162
2026-02-28 11:15:46.803000,0,558.7575502845576
2026-02-28 11:15:47.354720,0,558.7575502845576
2026-02-28 11:15:47.804515,0,566.5933285876212
2026-02-28 11:15:48.356100,0,566.5933285876212
2026-02-28 11:15:48.805952,0,618.0113267570425
2026-02-28 11:15:49.357414,0,618.0113267570425
2026-02-28 11:15:49.808907,0,738.3291948717726
2026-02-28 11:15:50.358699,0,738.3291948717726
2026-02-28 11:15:50.810296,0,791.0018963314816
2026-02-28 11:15:51.359999,0,791.0018963314816
2026-02-28 11:15:51.811718,0,799.6099048911287
2026-02-28 11:15:52.361290,0,799.6099048911287
2026-02-28 11:15:52.813109,0,919.8222654404491
2026-02-28 11:15:53.362578,0,919.8222654404491
2026-02-28 11:15:53.814606,0,923.2296572359447
2026-02-28 11:15:54.363930,0,923.2296572359447
2026-02-28 11:15:54.816120,0,869.4670781576494
2026-02-28 11:15:55.365300,0,869.4670781576494
2026-02-28 11:15:55.817627,0,843.2538170681471
2026-02-28 11:15:56.366670,0,843.2538170681471
2026-02-28 11:15:56.819139,0,710.3893298748229
2026-02-28 11:15:57.368053,0,710.3893298748229
2026-02-28 11:15:57.820676,0,737.3167568962474
2026-02-28 11:15:58.369433,0,737.3167568962474
2026-02-28 11:15:58.822193,0,680.6944982883291
2026-02-28 11:15:59.370820,0,680.6944982883291
2026-02-28 11:15:59.823698,0,692.8499115970211
2026-02-28 11:16:00.372127,0,692.8499115970211
2026-02-28 11:16:00.825109,0,700.3841802896465
2026-02-28 11:16:01.373449,0,700.3841802896465
2026-02-28 11:16:01.826499,0,715.564113130333
2026-02-28 11:16:02.374934,0,715.564113130333
2026-02-28 11:16:02.827895,0,700.8979954315749
2026-02-28 11:16:03.376392,0,700.8979954315749
2026-02-28 11:16:03.829283,0,756.6828926307242
2026-02-28 11:16:04.377868,0,756.6828926307242
2026-02-28 11:16:04.830675,0,730.7557731554367
2026-02-28 11:16:05.379406,0,730.7557731554367
2026-02-28 11:16:05.832173,0,716.9135233764251
2026-02-28 11:16:06.380985,0,716.9135233764251
2026-02-28 11:16:06.833689,0,696.6010335909644
2026-02-28 11:16:07.382415,0,696.6010335909644
2026-02-28 11:16:07.835201,0,686.4466475990687
2026-02-28 11:16:08.383787,0,686.4466475990687
2026-02-28 11:16:08.836743,0,683.1295631137625
2026-02-28 11:16:09.384871,0,683.1295631137625
2026-02-28 11:16:09.838258,0,709.7443201604364
2026-02-28 11:16:10.385366,0,709.7443201604364
2026-02-28 11:16:10.839772,0,788.8852895066557
2026-02-28 11:16:11.386733,0,788.8852895066557
2026-02-28 11:16:11.841285,0,866.1783880933534
2026-02-28 11:16:12.388042,0,866.1783880933534
2026-02-28 11:16:12.842697,0,877.5676612090945
2026-02-28 11:16:13.388807,0,877.5676612090945
2026-02-28 11:16:13.844094,0,865.6240523460517
2026-02-28 11:16:14.389558,0,865.6240523460517
2026-02-28 11:16:14.845486,0,806.3907241530002
2026-02-28 11:16:15.390844,0,806.3907241530002
2026-02-28 11:16:15.846878,0,813.6006391344589
2026-02-28 11:16:16.392142,0,813.6006391344589
2026-02-28 11:16:16.848269,0,815.8241232030344
2026-02-28 11:16:17.393500,0,815.8241232030344
2026-02-28 11:16:17.849764,0,815.8241232030344
2026-02-28 11:16:18.394873,0,815.8241232030344
2026-02-28 11:16:18.851337,0,803.3255877911521
2026-02-28 11:16:19.396249,0,803.3255877911521
2026-02-28 11:16:19.854280,0,786.7528201411164
2026-02-28 11:16:20.397624,0,786.7528201411164
2026-02-28 11:16:20.855799,0,779.171996416709
2026-02-28 11:16:21.399000,0,779.171996416709
2026-02-28 11:16:21.857324,0,807.9220259406226
2026-02-28 11:16:22.400374,0,807.9220259406226
2026-02-28 11:16:22.858843,0,916.3847445260096
2026-02-28 11:16:23.401750,0,916.3847445260096
2026-02-28 11:16:23.860258,0,952.4206003651958
2026-02-28 11:16:24.403068,0,952.4206003651958
2026-02-28 11:16:24.861652,0,959.6504571978278
2026-02-28 11:16:25.404362,0,959.6504571978278
2026-02-28 11:16:25.863049,0,859.9238338364626
2026-02-28 11:16:26.405658,0,859.9238338364626
2026-02-28 11:16:26.864442,0,780.7137759768301
2026-02-28 11:16:27.406963,0,780.7137759768301
2026-02-28 11:16:27.865827,0,688.7234568388099
2026-02-28 11:16:28.408260,0,688.7234568388099
2026-02-28 11:16:28.867310,0,939.387566449546
2026-02-28 11:16:29.409618,0,939.387566449546
2026-02-28 11:16:29.868832,0,907.4497231251988
2026-02-28 11:16:30.410995,0,907.4497231251988
2026-02-28 11:16:30.870343,0,823.9053343679722
2026-02-28 11:16:31.412371,0,823.9053343679722
2026-02-28 11:16:31.871848,0,559.1511423577707
2026-02-28 11:16:32.413748,0,559.1511423577707
2026-02-28 11:16:32.873346,0,0.0
2026-02-28 11:16:33.415128,0,0.0
2026-02-28 11:16:33.874843,0,0.0
2026-02-28 11:16:34.416502,0,0.0
2026-02-28 11:16:34.876335,0,0.0
2026-02-28 11:16:35.417893,0,0.0
2026-02-28 11:16:35.877737,0,0.0
2026-02-28 11:16:36.419209,0,0.0
2026-02-28 11:16:36.879124,0,0.0
2026-02-28 11:16:37.420498,0,0.0
2026-02-28 11:16:37.880512,0,0.0
2026-02-28 11:16:38.421783,0,0.0
2026-02-28 11:16:38.881894,0,0.0
2026-02-28 11:16:39.423067,0,0.0
2026-02-28 11:16:39.883278,0,0.0
2026-02-28 11:16:40.424353,0,0.0
2026-02-28 11:16:40.884786,0,0.0
2026-02-28 11:16:41.424831,0,0.0
2026-02-28 11:16:41.886304,0,0.0
2026-02-28 11:16:42.426188,0,0.0
2026-02-28 11:16:42.887828,0,0.0
2026-02-28 11:16:43.427577,0,0.0
2026-02-28 11:16:43.889345,0,0.0
2026-02-28 11:16:44.428954,0,0.0
2026-02-28 11:16:44.890855,0,0.0
2026-02-28 11:16:45.430334,0,0.0
2026-02-28 11:16:45.893759,0,0.0
2026-02-28 11:16:46.431714,0,0.0
2026-02-28 11:16:46.895274,0,0.0
2026-02-28 11:16:47.433039,0,0.0
2026-02-28 11:16:47.896699,0,0.0
2026-02-28 11:16:48.434333,0,0.0
2026-02-28 11:16:48.898088,0,0.0
2026-02-28 11:16:49.435621,0,0.0
2026-02-28 11:16:49.899477,0,0.0
2026-02-28 11:16:50.436909,0,0.0
2026-02-28 11:16:50.900878,0,0.0
2026-02-28 11:16:51.438198,0,0.0
2026-02-28 11:16:51.902259,0,0.0
2026-02-28 11:16:52.439555,0,0.0
2026-02-28 11:16:52.903741,0,0.0
2026-02-28 11:16:53.440933,0,0.0
2026-02-28 11:16:53.905035,0,0.0
2026-02-28 11:16:54.442305,0,0.0
2026-02-28 11:16:54.906154,0,0.0
2026-02-28 11:16:55.443675,0,0.0
2026-02-28 11:16:55.907657,0,0.0
2026-02-28 11:16:56.446378,0,0.0
2026-02-28 11:16:56.909168,0,0.0
2026-02-28 11:16:57.447762,0,0.0
2026-02-28 11:16:57.910683,0,0.0
2026-02-28 11:16:58.449136,0,0.0
2026-02-28 11:16:58.912185,0,0.0
2026-02-28 11:16:59.450454,0,0.0
2026-02-28 11:16:59.913619,0,0.0
2026-02-28 11:17:00.451749,0,0.0
2026-02-28 11:17:00.915014,0,0.0
2026-02-28 11:17:01.453052,0,0.0
2026-02-28 11:17:01.916419,0,0.0
2026-02-28 11:17:02.454346,0,0.0
2026-02-28 11:17:02.917954,0,0.0
2026-02-28 11:17:03.455648,0,0.0
2026-02-28 11:17:03.919379,0,0.0
2026-02-28 11:17:04.457003,0,0.0
2026-02-28 11:17:04.920918,0,0.0
2026-02-28 11:17:05.458383,0,0.0
2026-02-28 11:17:05.922433,0,0.0
2026-02-28 11:17:06.459745,0,0.0
2026-02-28 11:17:06.923931,0,0.0
2026-02-28 11:17:07.461113,0,0.0
2026-02-28 11:17:07.925035,0,0.0
2026-02-28 11:17:08.462493,0,0.0
2026-02-28 11:17:08.927636,0,0.0
2026-02-28 11:17:09.463869,0,0.0
2026-02-28 11:17:09.929202,0,0.0
2026-02-28 11:17:10.465236,0,0.0
2026-02-28 11:17:10.930624,0,0.0
2026-02-28 11:17:11.466557,0,0.0
2026-02-28 11:17:11.932050,0,0.0
2026-02-28 11:17:12.467855,0,0.0
2026-02-28 11:17:12.933029,0,0.0
2026-02-28 11:18:39.629265,0,0
2026-02-28 11:18:39.629340,0,0
2026-02-28 11:18:40.630606,0,0
2026-02-28 11:18:41.631890,0,0
2026-02-28 11:18:42.632884,0,0
2026-02-28 11:18:43.634288,0,0
2026-02-28 11:18:44.634746,0,927.1946936862829
2026-02-28 11:18:44.635515,0,927.1946936862829
2026-02-28 11:18:45.636789,0,927.1946936862829
2026-02-28 11:18:46.638076,0,927.1946936862829
2026-02-28 11:18:47.639364,0,927.1946936862829
2026-02-28 11:18:48.640749,0,927.1946936862829
2026-02-28 11:18:49.640257,0,824.842409190992
2026-02-28 11:18:49.642216,0,824.842409190992
2026-02-28 11:18:50.643559,0,824.842409190992
2026-02-28 11:18:51.644936,0,824.842409190992
2026-02-28 11:18:52.646311,0,824.842409190992
2026-02-28 11:18:53.647685,0,824.842409190992
2026-02-28 11:18:54.647192,0,707.9074798305213
2026-02-28 11:18:54.648981,0,707.9074798305213
2026-02-28 11:18:55.650328,0,707.9074798305213
2026-02-28 11:18:56.651706,0,707.9074798305213
2026-02-28 11:18:57.652815,0,707.9074798305213
2026-02-28 11:21:10.315005,0,0
2026-02-28 11:21:10.315102,0,0
2026-02-28 11:21:11.316614,0,0
2026-02-28 11:21:12.318089,0,0
2026-02-28 11:21:13.319454,0,0
2026-02-28 11:21:14.320862,0,0
2026-02-28 11:21:15.320524,0,821.2819247980561
2026-02-28 11:21:15.322094,0,821.2819247980561
2026-02-28 11:21:16.323343,0,821.2819247980561
2026-02-28 11:21:17.325997,0,821.2819247980561
2026-02-28 11:21:18.327281,0,821.2819247980561
2026-02-28 11:21:19.328566,0,821.2819247980561
2026-02-28 11:21:20.326042,0,941.9830147088641
2026-02-28 11:21:20.329850,0,941.9830147088641
2026-02-28 11:21:21.331187,0,941.9830147088641
2026-02-28 11:21:22.332523,0,941.9830147088641
2026-02-28 11:21:23.333817,0,941.9830147088641
2026-02-28 11:22:31.706654,0,0
2026-02-28 11:22:31.706727,0,0
2026-02-28 11:22:32.708006,0,0
2026-02-28 11:22:33.709293,0,0
2026-02-28 11:22:34.710628,0,0
2026-02-28 11:22:35.711936,0,0
2026-02-28 11:22:36.712128,0,770.3310976456812
2026-02-28 11:22:36.713149,0,770.3310976456812
2026-02-28 11:22:37.714414,0,770.3310976456812
2026-02-28 11:22:38.715716,0,770.3310976456812
2026-02-28 11:22:39.717026,0,770.3310976456812
2026-02-28 11:22:40.718334,0,770.3310976456812
2026-02-28 11:22:41.717537,0,930.9457556700067
2026-02-28 11:22:41.719553,0,930.9457556700067
2026-02-28 11:22:42.720516,0,930.9457556700067
2026-02-28 11:22:43.721823,0,930.9457556700067
2026-02-28 11:22:44.723162,0,930.9457556700067
2026-02-28 11:22:45.724529,0,930.9457556700067
2026-02-28 11:22:46.720935,0,836.2350148134195
2026-02-28 11:22:46.725816,0,836.2350148134195
2026-02-28 11:22:47.727088,0,836.2350148134195
2026-02-28 11:23:58.237387,0,0
2026-02-28 11:24:03.240952,0,807.121428286971
2026-02-28 11:24:08.244372,0,891.5968820044179
2026-02-28 11:24:13.249897,0,793.3025904407473
2026-02-28 11:24:18.253621,0,520.7465794414784
2026-02-28 11:27:08.385335,0,0
2026-02-28 11:27:13.388938,0,834.0101917842492
2026-02-28 11:34:59.614479,0,0
2026-02-28 11:35:04.619925,0,610.4064219845659
2026-02-28 11:35:09.625402,1,369.0596157804319
2026-02-28 11:35:14.629918,1,388.48552096571115
2026-02-28 11:35:19.632941,0,725.8794665783018
2026-02-28 11:35:24.638468,0,520.8848241214174
2026-02-28 11:36:26.337339,0,0
2026-02-28 11:36:31.342867,0,0.0
2026-02-28 11:36:36.348365,0,0.0
2026-02-28 11:36:41.353763,1,333.42165496560057
2026-02-28 11:36:46.359263,0,560.0732095003295
2026-02-28 11:36:51.360928,0,1272.6822069943462
2026-02-28 11:36:56.366437,0,524.4006102208501
2026-02-28 11:37:01.371828,1,498.0361432667312
2026-02-28 11:37:06.377393,0,509.2150822589606
2026-02-28 11:37:11.382855,0,521.2024558652809
2026-02-28 11:37:16.388261,0,549.1019941686608
2026-02-28 11:37:21.393677,0,547.7116029444693
2026-02-28 11:37:26.399083,0,563.2637037835831
2026-02-28 11:37:31.401031,0,616.1046988945953
2026-02-28 11:37:36.406448,0,818.8430863114129
2026-02-28 11:37:41.411849,0,635.0826717837608
2026-02-28 11:37:46.417352,0,604.3475821081772
2026-02-28 11:37:51.422772,0,601.9310591753843
2026-02-28 11:37:56.425067,0,588.7478237751711
2026-02-28 11:38:01.430519,0,603.1956564830353
2026-02-28 11:38:06.432936,0,562.0320275571491
2026-02-28 11:38:11.438356,0,556.0575509783138
2026-02-28 11:38:16.444000,0,597.6261373132872
2026-02-28 11:38:21.449548,0,620.2233468678844
2026-02-28 11:38:26.455257,0,556.0656436069396
2026-02-28 11:38:31.456923,0,558.6859582985776
2026-02-28 11:38:36.462327,0,517.4649746601214
2026-02-28 11:38:40.217319,0,0
2026-02-28 11:38:45.222752,0,1144.3163898153343
2026-02-28 11:40:28.701351,0,0
2026-02-28 11:40:33.706793,0,633.7949195126133
2026-02-28 11:44:36.173564,0,0
2026-02-28 11:44:41.179067,1,252.10513679812237
2026-02-28 11:44:46.184979,0,586.2763853337434
2026-02-28 11:44:51.189018,1,279.95178156246834
2026-02-28 11:44:56.194476,0,858.4200603434196
2026-02-28 11:45:01.197269,0,970.6956268573584
2026-02-28 12:05:26.766130,0,0
2026-02-28 12:05:31.771585,0,746.4743800024218
2026-02-28 12:05:36.776231,0,719.447009862436
2026-02-28 12:05:41.781651,0,628.4011457659828
2026-02-28 12:05:46.786170,0,595.7692506331625
2026-02-28 12:05:51.790755,0,721.3078399684839
2026-02-28 12:05:56.796267,0,578.4012448119385
2026-02-28 12:06:01.801763,1,476.80604023019674
2026-02-28 12:06:06.807388,0,534.4314736240747
2026-02-28 12:06:11.812920,0,609.1182151274086
2026-02-28 12:06:16.818512,0,707.8651001426755
2026-02-28 12:06:21.823980,0,705.2013896753182
2026-02-28 12:06:26.829376,0,709.4991190974094
2026-02-28 12:06:31.834893,0,764.4115383744544
2026-02-28 12:06:36.840320,0,689.6673111000695
2026-02-28 12:06:41.845724,0,826.4780698844949
2026-02-28 12:06:46.851224,0,677.4082963767125
2026-02-28 12:06:51.854923,0,597.5759365971826
2026-02-28 12:06:56.855897,0,638.2891194435324
2026-02-28 12:07:01.861041,0,849.2914694025839
2026-02-28 12:07:06.865094,0,619.5046408220038
2026-02-28 12:07:11.872934,0,576.9514710961399
2026-02-28 12:07:16.878335,0,629.3846200853656
2026-02-28 12:07:20.789932,0,0
2026-02-28 12:07:25.795461,0,770.912446390639
2026-02-28 12:07:30.800964,0,1075.024185774441
2026-02-28 12:07:35.806484,0,1745.8880261918289
2026-02-28 12:07:40.811892,0,1690.890002336048
2026-02-28 12:07:45.817384,0,1626.3286875659544
2026-02-28 12:07:50.822798,0,1667.7865570869674
2026-02-28 12:07:55.828311,0,1026.2329170319963
2026-02-28 12:08:13.389485,0,0
2026-02-28 12:08:18.395053,1,336.3599262694651
2026-02-28 12:08:23.397678,1,307.8002599089221
2026-02-28 12:08:28.403116,1,483.6196852900014
2026-02-28 12:08:33.408672,0,500.71648664688485
2026-02-28 12:08:38.414090,0,592.3318326748952
2026-02-28 12:08:43.419595,0,1248.1446230305205
2026-02-28 17:27:01.379089,0,0
2026-02-28 17:27:06.382084,0,0
2026-02-28 17:27:11.387436,0,0
2026-02-28 17:27:16.390287,0,0
2026-02-28 17:27:21.395790,0,0
2026-02-28 17:27:26.401150,0,0
2026-02-28 17:27:31.406495,0,0
2026-02-28 17:27:36.410099,0,0
2026-02-28 17:27:41.412560,0,0
2026-02-28 17:27:46.415992,0,0
2026-02-28 17:27:51.421332,0,0
2026-02-28 17:27:56.426675,0,0
2026-02-28 17:28:01.432067,0,0
2026-02-28 17:28:08.255347,0,0
2026-02-28 17:28:13.260909,0,0
2026-02-28 17:28:18.266319,0,0
2026-02-28 17:28:23.270264,0,0
2026-02-28 17:29:20.491695,0,0
2026-02-28 17:29:25.497165,0,0
2026-02-28 17:29:30.502084,0,0
2026-02-28 17:29:35.507449,0,0
2026-02-28 17:29:55.663455,0,0
2026-02-28 17:30:00.666278,0,0
2026-02-28 17:31:00.618817,0,0
2026-02-28 17:31:05.623480,0,0
2026-02-28 17:31:27.050852,0,0
2026-02-28 17:31:49.195531,0,0
2026-02-28 17:31:54.200966,0,0
2026-02-28 17:32:32.922844,0,0
2026-02-28 17:34:11.243923,0,0
2026-02-28 17:34:16.246436,0,0
2026-02-28 17:36:18.131635,0,0
2026-02-28 17:36:23.138497,0,0
2026-02-28 17:36:33.359601,0,0
2026-02-28 17:36:38.365035,0,0
2026-02-28 17:40:31.883768,0,0
2026-02-28 17:40:36.886235,0,0
2026-02-28 17:41:21.968025,0,0
2026-02-28 17:41:50.694597,0,0
2026-02-28 17:42:21.091555,0,0
2026-02-28 17:43:41.555972,0,0
2026-02-28 17:44:01.111563,0,0
2026-02-28 17:44:06.118604,0,0
2026-02-28 17:44:11.124020,0,0
2026-02-28 17:44:24.739562,0,0
2026-02-28 17:44:49.951466,0,0
2026-02-28 17:44:54.954157,0,0
2026-02-28 17:44:59.958840,0,0
2026-02-28 17:45:04.962091,0,0
2026-02-28 17:45:09.966085,0,0
2026-02-28 17:46:51.999678,0,0
2026-02-28 17:46:57.005183,0,0
2026-02-28 17:47:02.010494,0,0
2026-02-28 17:47:07.017186,0,0
2026-02-28 17:47:12.022345,0,0
2026-02-28 17:47:17.026166,0,0
2026-02-28 17:47:22.030314,0,0
2026-02-28 17:47:27.035454,0,0
2026-02-28 17:47:32.037183,0,0
2026-02-28 17:47:37.042614,0,0
2026-02-28 17:47:42.047995,0,0
2026-02-28 17:48:25.899357,0,0
2026-02-28 17:48:30.902394,0,0
2026-02-28 23:39:52.795880,0,0
2026-02-28 23:39:57.801303,0,608.4899341813306
2026-02-28 23:40:02.806817,0,0.0
2026-02-28 23:40:07.813151,0,0.0
2026-02-28 23:51:03.990439,0,0
2026-02-28 23:51:08.995964,0,675.6004736528831
2026-02-28 23:52:16.515847,0,0
2026-02-28 23:52:21.521402,1,490.5935180982317
2026-02-28 23:52:26.527054,0,0.0
2026-02-28 23:54:04.285926,0,0
2026-02-28 23:54:09.291566,1,222.52415599210798
2026-02-28 23:54:14.296588,1,198.01010075246163
2026-02-28 23:54:19.302351,1,254.8489748851268
2026-02-28 23:57:56.772836,0,0
2026-02-28 23:58:01.778567,0,680.2264328883434
2026-02-28 23:58:06.784092,0,772.7172833578915
2026-02-28 23:58:11.789515,0,698.489799496027
2026-02-28 23:58:16.795004,0,0.0
2026-02-28 23:58:21.800553,1,227.07928130941406
2026-02-28 23:58:26.803264,1,251.01792764661252
2026-02-28 23:58:31.811192,1,196.69773765857096
2026-02-28 23:58:36.816667,1,195.88006534611938
2026-02-28 23:58:41.824849,1,214.30818929756276
2026-03-03 14:16:09.529389,0,0
2026-03-03 14:16:14.536060,1,379.3323081415555
2026-03-03 14:16:19.539839,1,356.32850012313077
2026-03-03 14:16:27.237418,0,0
2026-03-03 14:16:32.243118,0,561.7303623625841
2026-03-03 14:16:37.248642,1,284.9034924320866
2026-03-03 14:16:42.252898,1,231.14713928578047
2026-03-03 14:16:47.257806,1,220.238507078122
2026-03-03 14:16:52.263299,1,220.238507078122
2026-03-03 14:16:57.268897,1,220.238507078122
2026-03-03 14:17:02.274512,1,396.50472884948044
2026-03-03 14:18:19.758009,0,0
2026-03-03 14:18:24.763576,1,430.8131845707603
2026-03-03 14:18:29.771211,1,434.35008921375857
2026-03-03 14:19:32.393953,0,0
2026-03-03 14:19:37.400929,0,524.6503597635286
2026-03-03 14:19:42.406377,0,0.0
2026-03-03 14:19:47.411877,0,0.0
2026-03-03 14:19:52.417300,1,231.96982562393757
2026-03-03 14:19:57.423403,1,240.25195108468944
2026-03-03 14:20:02.424993,1,315.6263613832026
2026-03-03 14:20:07.432875,0,574.4432086812412
2026-03-03 14:20:12.438307,1,471.52942644123493
2026-03-03 14:21:38.310036,0,0
2026-03-03 14:24:03.997795,0,0
2026-03-03 14:24:09.003244,1,401.15458367068425
2026-03-03 14:24:14.008206,0,0.0
2026-03-03 14:24:19.013714,1,404.27836944362974
2026-03-03 14:24:24.020467,1,463.6000431406365
2026-03-03 14:30:36.717839,0,0
2026-03-03 14:30:41.729328,0,554.0036100965408
2026-03-03 14:30:46.734862,1,406.4701711073028
2026-03-03 14:30:51.740355,0,0.0
2026-03-03 14:30:56.745804,0,0.0
2026-03-03 14:32:59.193736,0,0
2026-03-03 14:33:04.199249,0,605.537777516812
2026-03-03 14:33:09.204739,1,230.58620947489467
2026-03-03 14:33:14.210328,1,270.6806236138819
2026-03-03 14:33:19.215876,1,356.3958473383213
2026-03-03 14:33:24.221444,1,293.3751864081214
2026-03-04 12:12:26.351085,0,0
2026-03-04 12:12:31.359874,1,4420.8185893565005
2026-03-04 12:12:36.365343,1,2435.160159003921
2026-03-04 12:12:41.370811,1,2096.684287154363
2026-03-04 12:12:46.376304,1,2280.4319766219733
2026-03-04 12:12:51.381637,1,1191.577525803504
2026-03-04 12:12:56.387165,1,2351.0814532891027
2026-03-04 12:13:01.392656,1,2312.189654851003
2026-03-04 12:13:23.162250,0,0
2026-03-04 12:13:28.167759,1,1801.0621865998964
2026-03-04 12:13:33.172525,1,1102.2399920162577
2026-03-04 12:13:38.181646,1,3416.2003746853024
2026-03-04 12:13:43.182532,1,4990.334758310308
2026-03-04 12:13:48.189651,1,4668.45970315692
2026-03-04 12:14:37.730752,0,0
2026-03-04 12:14:42.736490,0,3042.2754641879487
2026-03-04 12:14:47.741927,1,712.8990110808122
2026-03-04 12:14:52.745632,0,2759.405189529077
2026-03-04 12:14:57.751093,0,3169.9451099348707
2026-03-04 12:15:02.756628,1,818.0006112467154
2026-03-04 12:15:07.765620,1,974.643524577063
2026-03-04 12:15:12.772001,0,5034.155440587825
2026-03-04 12:15:17.777472,0,5122.80001561646
2026-03-04 12:15:22.782876,0,5053.0633283187735
2026-03-04 12:15:27.787991,0,5429.77246300432
2026-03-04 12:15:32.793403,0,3302.386561261416
2026-03-04 12:15:37.798881,0,3264.3549133021675
2026-03-04 12:15:42.804395,0,3072.388810030397
2026-03-04 12:15:47.809820,0,2091.9055906039353
2026-03-04 12:15:52.815380,0,2497.7760107743848
2026-03-04 12:15:57.820816,0,2344.8004179460563
2026-03-04 12:16:02.826557,0,2745.236055424014
2026-03-04 12:16:07.832035,0,2923.837375778619
2026-03-04 12:16:12.837567,0,3002.615526503518
2026-03-04 12:16:17.842063,0,3058.7358499877037
2026-03-04 12:16:22.847476,0,2031.70913272545
2026-03-04 12:16:27.850088,0,5484.162105554503
2026-03-04 12:16:32.855790,1,816.3197902782953
2026-03-04 12:16:37.861319,1,666.406032385662
2026-03-04 12:16:42.867019,1,584.8828942617488
2026-03-04 12:16:47.869747,1,778.3707342905436
2026-03-04 12:16:52.875514,0,1279.1313458750044
2026-03-04 12:16:57.881908,1,779.4010520906422
2026-03-04 12:17:02.886589,1,534.4801212393216
2026-03-04 12:17:07.892157,1,532.024435529046
2026-03-04 12:17:12.897638,1,574.1445810943442
2026-03-04 12:17:17.903238,1,508.52335246279495
2026-03-04 12:17:22.908701,1,486.28489592007685
2026-03-04 12:17:27.915201,1,463.34436437707967
2026-03-04 12:17:32.920704,1,638.1629885852046
2026-03-04 12:17:37.926150,0,2998.829938492678
2026-03-04 12:17:42.931602,1,704.8836783470022
2026-03-04 12:17:47.937091,1,682.833068912161
2026-03-04 12:17:52.942351,1,818.91696770796
2026-03-04 12:17:57.947753,1,966.7166079053364
2026-03-04 12:18:02.953184,1,802.1683115157317
2026-03-04 12:18:07.961417,1,779.9544858515784
2026-03-04 12:18:12.965796,1,658.9764790946639
2026-03-04 12:18:17.971523,1,521.8927092803654
2026-03-04 12:18:22.977183,1,601.5214044404405
2026-03-04 12:18:27.985691,1,744.3231824953459
2026-03-04 12:18:32.992075,1,766.550715869472
2026-03-04 12:18:37.997334,1,746.9089636629085
2026-03-04 12:18:43.002944,1,744.3016861461487
2026-03-04 12:18:48.005745,1,684.6575786478961
2026-03-04 12:18:53.013636,0,1212.4359776911933
2026-03-04 12:18:58.019055,0,2069.610832982858
2026-03-04 12:19:03.024568,0,1105.912293086572
2026-03-04 12:19:08.029638,0,2042.885459344209
2026-03-04 12:19:13.035157,1,569.0140595802533
2026-03-04 12:20:23.170208,0,0
2026-03-04 12:20:28.175623,0,6548.319860849804
2026-03-04 12:20:33.181163,1,2263.753520151874
2026-03-04 12:20:38.186628,1,757.3546065087345
2026-03-04 12:20:43.192148,1,706.3200407747184
2026-03-04 12:20:48.197617,1,615.7020383269817
2026-03-04 12:20:53.202568,1,667.9895208758892
2026-03-04 12:20:58.208349,1,1434.1303985342477
2026-03-04 12:21:03.213925,1,1917.8678265198569
2026-03-04 12:21:08.219422,1,402.9714630094791
2026-03-04 12:21:13.225249,1,1272.7434934031287
2026-03-04 12:21:18.232528,0,7098.784755153519
2026-03-04 12:21:23.239218,0,7064.009980174151
2026-03-04 12:21:28.244643,0,7335.660638279282
2026-03-04 12:21:33.250206,0,7222.923577056592
2026-03-04 12:21:38.255640,0,7173.003067056364
2026-03-04 12:21:43.261139,0,7225.844518116896
2026-03-04 12:21:48.266670,0,7225.844518116896
2026-03-04 12:21:53.272089,0,6980.304434621745
2026-03-04 12:21:58.277630,0,6944.276060180788
2026-03-04 12:22:03.283065,0,6944.276060180788
2026-03-04 12:22:08.285951,0,6944.276060180788
2026-03-04 12:22:13.291464,0,7122.090985097003
2026-03-04 12:22:18.296975,0,7161.954551656971
2026-03-04 12:22:23.302535,0,7237.432210390643
2026-03-04 12:22:28.307949,0,7237.432210390643
2026-03-04 12:22:33.313478,0,7237.432210390643
2026-03-04 12:22:38.318918,0,7237.432210390643
2026-03-04 12:22:44.294555,0,0
2026-03-04 12:22:49.300100,0,7237.432210390643
2026-03-04 12:22:54.305690,0,7584.5564801114115
2026-03-04 12:22:59.312097,0,7584.5564801114115
2026-03-04 12:23:04.317590,0,7584.5564801114115
2026-03-04 12:23:09.323134,0,7584.5564801114115
2026-03-04 12:23:14.329433,0,7584.5564801114115
2026-03-04 12:23:19.334947,0,7584.5564801114115
2026-03-04 12:23:24.340396,0,7584.5564801114115
2026-03-04 12:23:29.345885,1,433.5862082677446
2026-03-04 12:23:34.351366,1,344.62298240250897
2026-03-04 12:23:39.353945,1,1186.2769491143288
2026-03-04 12:23:44.359363,1,2231.815404552984
2026-03-04 12:23:49.364858,1,2292.893586715267
2026-03-04 12:23:54.370569,0,4340.829989760023
2026-03-04 12:23:59.376089,0,4450.850817540395
2026-03-04 12:24:04.381636,1,288.4024965217881
2026-03-04 12:24:09.387148,1,245.446531855718
2026-03-04 12:24:14.392718,1,257.73047937719747
2026-03-04 12:24:19.398271,1,810.9019669479165
2026-03-04 12:24:24.404738,1,877.7630659807919
2026-03-04 12:24:29.411114,1,590.6581075376855
2026-03-04 12:24:52.306297,0,0
2026-03-04 12:24:57.311752,1,513.4948879979235
2026-03-04 12:25:02.317293,1,487.2124793147236
2026-03-04 12:25:07.323747,1,527.2513632035483
2026-03-04 12:25:12.324895,1,332.3988567970714
2026-03-04 12:25:17.330381,1,256.82678987987214
2026-03-04 12:25:22.336318,1,282.82149847562863
2026-03-04 12:25:27.341800,1,407.6186943701184
2026-03-04 12:25:32.345638,1,457.5871501692328
2026-03-04 12:25:37.349652,1,1003.7539539150021
2026-03-04 12:25:42.351891,1,724.6550903705845
2026-03-04 12:25:47.355250,1,503.83032858294666
2026-03-04 12:25:52.368585,1,346.88326566728466
2026-03-04 12:25:57.374140,1,3129.5638673783283
2026-03-04 12:26:02.379587,1,3699.7374231153217
2026-03-04 12:26:07.381760,1,3678.344464565547
2026-03-04 12:26:12.385854,1,3620.624946055584
2026-03-04 12:26:17.392268,1,450.53079805935573
2026-03-04 12:26:22.394227,1,467.8728459742027
2026-03-04 12:26:27.399686,1,453.07063466969475
2026-03-04 12:26:32.406902,1,1772.5202396587747
2026-03-04 12:26:37.412681,1,851.803968058379
2026-03-04 12:26:42.417854,1,465.4889902027759
2026-03-04 12:26:47.423330,1,506.719843700639
2026-03-04 12:26:52.425691,0,0.0
2026-03-04 12:26:57.429594,0,0.0
2026-03-04 12:27:02.436022,1,3571.1612957132024
2026-03-04 12:27:07.445567,1,626.54129951664
2026-03-04 12:27:12.451130,1,560.4043183274019
2026-03-04 12:27:17.456243,1,935.5089523890191
2026-03-04 12:27:22.461752,1,690.057968579452
2026-03-04 12:27:27.467411,1,586.1467393068053
2026-03-04 12:27:32.471090,1,554.9936936578649
2026-03-04 12:27:37.476590,1,609.5842845743318
2026-03-04 12:27:42.481760,1,1035.0347820242564
2026-03-04 12:27:47.485721,1,878.2192209237965
2026-03-04 12:27:52.489694,1,811.709923556439
2026-03-04 12:27:57.495168,1,686.8020093156397
2026-03-04 12:28:02.500296,1,486.3620050949704
2026-03-04 12:28:07.505675,1,619.7434953268973
2026-03-04 12:28:12.511090,1,736.7665844757076
2026-03-04 12:28:17.513626,1,1557.2170690048322
2026-03-04 12:28:22.517673,1,976.042007292719
2026-03-04 12:28:27.523242,1,1061.1319427856274
2026-03-04 12:28:32.528678,1,1211.0198181697936
2026-03-04 12:28:37.534306,1,1330.4679627860266
2026-03-04 12:28:42.538967,1,1132.034010089803
2026-03-04 12:28:47.544475,1,910.8062362544516
2026-03-04 12:28:52.550059,1,622.3576142379877
2026-03-04 12:28:57.555546,1,676.9933529954337
2026-03-04 12:29:02.561642,1,492.83668694609173
2026-03-04 12:29:07.565892,1,1140.1938431687834
2026-03-04 12:29:12.571061,1,1218.2138564307993
2026-03-04 12:29:17.574598,1,911.6940276211093
2026-03-04 12:29:22.580173,1,2111.697184730803
2026-03-04 12:29:27.581685,1,2383.1630242180245
2026-03-04 12:29:32.587208,1,1926.4332326867702
2026-03-04 12:29:37.593591,1,1460.3167464629034
2026-03-04 12:29:42.597947,1,691.4658342969666
2026-03-04 12:29:47.603476,1,899.6338143933897
2026-03-04 12:29:52.610049,0,0.0
2026-03-04 12:29:57.614972,0,0.0
2026-03-04 12:30:02.616184,0,7247.376697812802
2026-03-04 12:30:07.621351,0,7395.833556807508
2026-03-04 12:30:12.626793,0,7359.235354301423
2026-03-04 12:30:17.632149,0,7343.060737866738
2026-03-04 12:30:22.637637,0,7507.205205667419
2026-03-04 12:30:27.643028,0,7318.322280413729
2026-03-04 12:30:32.648504,0,7222.967049627182
2026-03-04 12:30:37.654001,0,7377.226172485157
2026-03-04 12:30:42.659432,0,7437.303005794506
2026-03-04 12:30:47.664975,0,7307.148965225767
2026-03-04 12:30:52.670397,0,7013.0377155694805
2026-03-04 12:30:57.675903,0,7013.0377155694805
2026-03-04 12:31:02.681352,0,7013.0377155694805
2026-03-04 12:31:07.685716,0,7013.0377155694805
2026-03-04 12:31:12.692201,0,7013.0377155694805
2026-03-04 12:31:17.697636,1,1081.711606667877
2026-03-04 12:31:22.703136,1,677.4872692530835
2026-03-04 12:31:27.708578,1,1506.3030903506772
2026-03-04 12:31:32.714030,1,312.40998703626616
2026-03-04 12:31:37.717641,1,339.32432862970495
2026-03-04 12:31:42.721627,1,1786.0305148568991
2026-03-04 12:31:47.727064,1,601.5222356654823
2026-03-04 12:31:52.729656,1,3743.8211762849996
2026-03-04 12:31:57.736349,1,3884.399696220769
2026-03-04 12:32:02.743287,1,4130.230623100846
2026-03-04 12:32:07.750285,1,4137.072032246961
2026-03-04 12:32:12.757468,1,4211.117191435071
2026-03-04 12:32:17.762966,1,3684.5136721146796
2026-03-04 12:32:22.768478,1,4332.684387305403
2026-03-04 12:32:27.773657,1,4375.860258280651
2026-03-04 12:32:32.780498,1,4021.389063495349
2026-03-04 12:32:37.786999,0,5110.03170244569
2026-03-04 12:32:42.793478,1,4148.523231223371
2026-03-04 12:32:47.797639,1,435.63287295611656
2026-03-04 12:32:52.801685,1,623.698645180507
2026-03-04 12:32:57.808658,1,623.698645180507
2026-03-04 12:33:02.813772,1,623.698645180507
2026-03-04 12:33:07.819285,1,644.1521559383311
2026-03-04 12:33:12.825632,1,311.44823004794875
2026-03-04 12:33:17.831107,1,1078.655181232631
2026-03-04 12:33:22.838055,1,1933.669309887293
2026-03-04 12:33:27.844511,1,290.13962156175774
2026-03-04 12:33:32.851065,1,384.7037821493311
2026-03-04 12:33:37.853834,1,502.5703930794173
2026-03-04 12:33:42.858324,1,1237.3019033364492
2026-03-04 12:33:47.863766,1,4132.7851383782345
2026-03-04 12:33:52.865669,1,3980.384906010975
2026-03-04 12:33:57.871357,1,4075.738092664935
2026-03-04 12:34:02.873673,1,3922.9739994040237
2026-03-04 12:34:07.879912,1,3445.44351281515
2026-03-04 12:34:12.881879,1,3209.9657319043145
2026-03-04 12:34:17.889659,1,4723.409785313995
2026-03-04 12:34:22.895220,1,4564.980832380351
2026-03-04 12:34:27.901816,1,4244.972202500271
2026-03-04 12:34:32.909611,0,5028.451153188226
2026-03-04 12:34:37.913631,0,7561.835359223315
2026-03-04 12:34:42.920174,0,0.0
2026-03-04 12:34:47.925610,0,0.0
2026-03-04 12:34:52.934012,0,5025.887483818156
2026-03-04 12:34:57.940357,0,5025.887483818156
2026-03-04 12:35:02.945854,0,5025.887483818156
2026-03-04 12:35:07.951379,0,5025.887483818156
2026-03-04 12:35:12.956848,0,5093.214800104154
2026-03-04 12:35:17.962419,1,4722.58403842642
2026-03-04 12:35:22.967967,1,4655.317497228304
2026-03-04 12:35:27.970867,1,4833.009828254025
2026-03-04 12:35:32.976338,1,4826.82058916633
2026-03-04 12:35:37.981690,1,4987.69696352936
2026-03-04 12:35:42.989622,1,4956.389008138889
2026-03-04 12:35:47.996150,0,0.0
2026-03-04 12:35:53.002775,0,0.0
2026-03-04 12:35:58.009680,0,0.0
2026-03-04 12:36:03.016067,0,0.0
2026-03-04 12:36:08.021580,0,0.0
2026-03-04 12:36:13.023793,0,0.0
2026-03-04 12:36:18.029306,0,0.0
2026-03-04 12:36:23.034732,0,0.0
2026-03-04 12:36:28.040255,1,919.3677175102463
2026-03-04 12:36:33.045636,1,711.6656518337808
2026-03-04 12:36:38.053622,0,0.0
2026-03-04 12:36:43.059068,0,0.0
2026-03-04 12:36:48.061704,0,0.0
2026-03-04 12:36:53.067578,0,0.0
2026-03-04 12:36:58.069613,0,0.0
2026-03-04 12:37:03.075114,0,0.0
2026-03-04 12:37:08.080595,1,816.3828758615654
2026-03-04 12:37:13.085994,1,582.2207485138262
2026-03-04 12:37:18.091655,1,1109.7770046275061
2026-03-04 12:37:23.097224,1,925.3242674868092
2026-03-04 12:37:28.102783,1,735.3291779876547
2026-03-04 12:37:33.108342,1,734.0681167303209
2026-03-04 12:37:38.113669,1,503.6606000075845
2026-03-04 12:37:43.117641,1,465.8164874711929
2026-03-04 12:37:48.123136,1,482.64686883890585
2026-03-04 12:37:53.129632,1,439.5201929377079
2026-03-04 12:37:58.135033,1,228.79029699705362
2026-03-04 12:38:03.137639,1,190.3943276465977
2026-03-04 12:38:08.143191,1,294.93219559756443
2026-03-04 12:38:13.145669,1,267.25456029785533
2026-03-04 12:38:18.152120,1,851.3565645486033
2026-03-04 12:38:23.157791,1,682.643391530307
2026-03-04 12:38:28.163304,1,292.0616373302047
2026-03-04 12:38:33.165666,1,482.7007354458868
2026-03-04 12:38:38.171181,1,482.7007354458868
2026-03-04 12:38:43.176677,1,482.7007354458868
2026-03-04 12:38:48.182323,1,482.7007354458868
2026-03-04 12:38:53.187998,1,482.7007354458868
2026-03-04 12:38:58.189660,1,296.7052409378709
2026-03-04 12:39:03.192556,1,294.29237163066256
2026-03-04 12:39:08.198028,1,294.29237163066256
2026-03-04 12:39:13.203483,1,294.29237163066256
2026-03-04 12:39:18.205690,1,294.29237163066256
2026-03-04 12:39:23.214720,1,276.82666056577716
2026-03-04 12:39:28.220388,1,827.9432347691477
2026-03-04 12:39:33.227273,0,0.0
2026-03-04 12:39:38.232681,0,0.0
2026-03-04 12:39:43.238079,0,0.0
2026-03-04 12:39:48.243553,0,0.0
2026-03-04 12:39:53.245578,1,1815.626888983527
2026-03-04 12:39:58.251094,0,0.0
2026-03-04 12:40:03.256574,0,0.0
2026-03-04 12:40:08.262095,0,0.0
2026-03-04 12:40:13.267616,0,0.0
2026-03-04 12:40:18.273075,0,0.0
2026-03-04 12:40:23.278579,0,0.0
2026-03-04 12:40:28.281601,0,0.0
2026-03-04 12:40:33.287109,0,0.0
2026-03-04 12:40:38.292600,0,0.0
2026-03-04 12:40:43.298046,0,0.0
2026-03-04 12:40:48.303525,0,0.0
2026-03-04 12:40:53.309620,0,0.0
2026-03-04 12:49:25.230245,0,0
2026-03-04 12:49:30.235666,0,0.0
2026-03-04 12:49:35.241159,0,0.0
2026-03-04 12:49:40.246657,0,0.0
2026-03-04 12:49:45.252064,0,0.0
2026-03-04 12:49:50.257565,0,0.0
2026-03-04 12:49:55.262976,0,0.0
2026-03-04 12:50:00.268493,0,0.0
2026-03-04 12:50:05.273916,1,411.02433018010015
2026-03-04 12:50:10.279348,1,1256.2746514994244
2026-03-04 12:50:15.285622,1,1324.177102958664
2026-03-04 12:50:20.291073,0,0.0
2026-03-04 14:07:25.426291,0,0
2026-03-04 14:07:30.436010,1,1417.5507045605107
2026-03-04 14:07:35.441465,1,1133.4835684737561
2026-03-04 14:07:40.445610,1,1345.304426514683
2026-03-04 14:07:45.451049,1,1813.0736333640727
2026-03-04 14:07:50.456566,1,1865.6840568542145
2026-03-04 14:07:55.462043,1,3410.950014292206
2026-03-04 14:08:00.467522,1,4476.464899895899
2026-03-04 14:08:05.473004,1,4910.022912370166
2026-03-04 14:08:10.478508,1,4815.990033212278
2026-03-04 14:08:15.484358,1,912.3825951869095
2026-03-04 14:08:20.489962,1,946.0132134383748
2026-03-04 14:08:25.493737,1,1058.1531080141474
2026-03-04 14:08:30.501572,1,1208.7650722948608
2026-03-04 14:08:35.505595,1,1221.4732907436003
2026-03-04 14:08:40.512012,1,1135.4822763918423
2026-03-04 14:08:45.518399,1,1557.7114623703583
2026-03-04 14:08:50.525574,1,1491.3651464346349
2026-03-04 14:08:55.531997,1,2556.190329376903
2026-03-04 14:09:00.537699,1,2597.222554961357
2026-03-04 14:09:05.542567,1,1754.524436991403
2026-03-04 14:09:10.544954,1,2081.552545577459
2026-03-04 14:09:15.550448,1,3351.1430885594846
2026-03-04 14:09:20.556079,1,784.2563356454317
2026-03-04 14:09:25.561643,1,910.5981550607271
2026-03-04 14:09:30.569621,1,1500.4522651520774
2026-03-04 14:09:35.576043,1,1755.5116063415815
2026-03-04 14:09:40.582925,1,948.8377100431875
2026-03-04 14:09:45.589701,1,3205.4960614544516
2026-03-04 14:09:50.595554,1,3402.396949210953
2026-03-04 14:09:55.601170,1,4493.370227346062
2026-03-04 14:10:00.609578,1,4480.325099811396
2026-03-04 14:10:05.616470,1,4715.201162198703
2026-03-04 14:10:10.623121,1,2883.400769924292
2026-03-04 14:10:15.629581,0,0.0
2026-03-04 14:10:20.635892,0,0.0
2026-03-04 14:10:25.642671,0,5904.33908240372
2026-03-04 14:10:30.649078,1,1027.6049824713775
2026-03-04 14:10:35.655651,1,1228.7737790171143
2026-03-04 14:10:40.660250,0,0.0
2026-03-04 14:10:45.665655,1,1502.3315213360866
2026-03-04 14:10:50.671171,1,868.8780121513031
2026-03-04 14:10:55.673614,1,1229.3514550363536
2026-03-04 14:11:00.680350,1,1108.0762609134806
2026-03-04 14:11:05.685617,1,716.7740229667925
2026-03-04 14:11:10.691133,1,315.8259014077218
2026-03-04 14:11:15.697024,1,316.44588794926693
2026-03-04 14:11:20.702467,1,531.6878783647413
2026-03-04 14:11:25.705764,1,578.247351917845
2026-03-04 14:11:30.713572,1,575.5388779222477
2026-03-04 14:11:35.719938,1,565.5377971453368
2026-03-04 14:11:40.725625,1,821.1729415902597
2026-03-04 14:11:45.732045,1,316.4048040090416
2026-03-04 14:11:50.738470,1,313.0015974400131
2026-03-04 14:11:55.745035,1,2326.149178363245
2026-03-04 14:12:00.751838,1,784.9694261562039
2026-03-04 14:12:05.758454,1,478.0376554205746
2026-03-04 14:12:10.761701,1,623.2439329829052
2026-03-04 14:12:15.768103,1,1333.1095228824975
2026-03-04 14:12:20.773620,1,927.1855262028199
2026-03-04 14:12:25.777611,1,2701.806247679504
2026-03-04 14:12:30.779144,1,568.5991558206889
2026-03-04 14:12:35.785549,1,893.4450178942183
2026-03-04 14:12:40.791973,1,400.1262300824579
2026-03-04 14:12:45.794867,1,897.2457857242908
2026-03-04 14:12:50.800298,1,2475.136561889061
2026-03-04 14:12:55.805730,1,4580.281650728479
2026-03-04 14:13:00.809633,1,4533.025700346293
2026-03-04 14:13:05.815222,0,6410.136504006759
2026-03-04 14:13:10.821756,1,3680.007880426345
2026-03-04 14:13:15.828550,1,1190.0605026636251
2026-03-04 14:13:20.834959,0,6545.605701537483
2026-03-04 14:13:25.836812,0,6479.9874228273
2026-03-04 14:13:30.843152,0,6613.155449556588
2026-03-04 14:13:35.848654,0,6119.908659449094
2026-03-04 14:13:40.854241,0,6484.245908353569
2026-03-04 14:13:45.859650,0,6032.364793345972
2026-03-04 14:13:50.865161,0,6889.351566003872
2026-03-04 14:13:55.870637,0,7299.504983216328
2026-03-04 14:14:00.876155,0,7088.261422944275
2026-03-04 14:14:05.881643,0,7077.82629060646
2026-03-04 14:14:10.885802,0,6990.144848284619
2026-03-04 14:14:15.889886,0,7144.550720654169
2026-03-04 14:14:20.893559,0,7223.648178033036
2026-03-04 14:14:25.897655,0,7043.071063108763
2026-03-04 14:14:30.901549,1,910.5212792680904
2026-03-04 14:14:35.906993,1,1620.6942956646697
2026-03-04 14:14:40.909593,1,908.0451530623353
2026-03-04 14:14:45.913654,1,2353.856622651431
2026-03-04 14:14:50.918156,1,1218.582783400455
2026-03-04 14:14:55.922961,1,271.8124353299532
2026-03-04 14:15:00.925685,1,2240.8268563188903
2026-03-04 14:15:05.933627,1,635.3337705489927
2026-03-04 14:15:10.938460,1,441.61634933503086
2026-03-04 14:15:15.944041,1,443.73528144604416
2026-03-04 14:15:20.946127,1,690.2789291293774
2026-03-04 14:15:25.949882,1,649.462854980945
2026-03-04 14:15:30.957681,0,5457.362916281086
2026-03-04 14:15:35.961682,1,4641.234426313758
2026-03-04 14:15:40.967342,1,4582.236680923411
2026-03-04 14:15:45.970080,0,5636.864465285643
2026-03-04 14:15:50.975627,1,4966.177604556648
2026-03-04 14:15:55.978807,0,6370.140343822889
2026-03-04 14:16:00.984263,0,6646.595895644627
2026-03-04 14:16:05.989769,1,4685.275338760786
2026-03-04 14:16:10.995885,1,4521.234897680058
2026-03-04 14:16:16.001727,1,4465.361911424426
2026-03-04 14:16:21.007371,1,4570.746656729073
2026-03-04 14:16:26.013124,1,4583.18011865124
2026-03-04 14:16:31.018891,1,4677.618411114784
2026-03-04 14:16:36.025831,1,4798.338462426343
2026-03-04 14:16:41.029690,1,4533.22776837873
2026-03-04 14:16:46.035175,1,4556.007462680455
2026-03-04 14:16:51.040753,1,4573.115458852969
2026-03-04 14:16:56.045813,1,4479.3326511881205
2026-03-04 14:17:35.834163,0,0
2026-03-04 14:17:40.838636,1,4382.6603792673695
2026-03-04 14:17:45.844242,1,1633.1396143624709
2026-03-04 14:18:09.327675,0,0
2026-03-04 14:18:14.329599,0,0.0
2026-03-04 14:18:19.333776,1,4766.910215223274
2026-03-04 14:18:24.337640,1,4805.699636889513
2026-03-04 14:18:29.343095,1,4842.075278225237
2026-03-04 14:18:34.345734,1,4897.808693691496
2026-03-04 14:18:39.351160,0,5952.730633919193
2026-03-04 14:18:44.356159,1,1490.0120804879402
2026-03-04 14:18:49.361597,1,1510.9841163956687
2026-03-04 14:18:54.365626,1,1510.9841163956687
2026-03-04 14:18:59.369812,1,798.2793997091494
2026-03-04 14:19:04.375246,1,460.6658224787248
2026-03-04 14:19:09.381461,1,1360.1213181183507
2026-03-04 14:19:14.387082,1,514.2810515661646
2026-03-04 14:19:19.392535,1,3736.9594592395565
2026-03-04 14:19:27.256810,0,0
2026-03-04 14:19:32.261981,1,461.19084986586626
2026-03-04 14:21:05.786196,0,0
2026-03-04 14:21:10.791407,1,4289.1120293132935
2026-03-04 14:21:15.796734,1,4174.885866703424
2026-03-04 14:21:20.802197,1,4306.037621758546
2026-03-04 14:21:30.903868,0,0
2026-03-04 14:21:35.905590,1,4107.546469609321
2026-03-04 14:21:40.910673,1,4475.745859630549
2026-03-04 14:21:45.916267,1,4505.038290625286
2026-03-04 14:21:50.925294,1,4139.575461324506
2026-03-04 14:21:55.927489,1,3487.551146578355
2026-03-04 14:22:00.929747,1,3775.1017204838336
2026-03-04 14:22:05.933610,1,1521.7358509281432
2026-03-04 14:22:10.937784,1,2110.7564994570075
2026-03-04 14:22:15.941862,1,2127.9137670497835
2026-03-04 14:22:20.945821,0,0.0
2026-03-04 14:22:25.953267,0,0.0
2026-03-04 14:22:30.957652,0,0.0
2026-03-04 14:22:35.964013,0,0.0
2026-03-04 14:22:40.969610,0,0.0
2026-03-04 14:22:45.973572,0,0.0
2026-03-04 14:22:50.979091,0,0.0
2026-03-04 14:22:55.984746,0,0.0
2026-03-04 14:23:00.990687,0,0.0
2026-03-04 14:23:05.997095,1,522.0421438926171
2026-03-04 14:23:11.001641,1,522.0421438926171
2026-03-04 14:23:16.005638,1,708.3417254404826
2026-03-04 14:23:21.009562,0,0.0
2026-03-04 14:23:26.014579,1,709.1586564373307
2026-03-04 14:23:31.017572,0,0.0
2026-03-04 14:23:36.022989,0,0.0
2026-03-04 14:25:25.188738,0,0
2026-03-04 14:25:30.193597,1,1292.6886709490418
2026-03-04 14:25:35.199005,1,1791.268265782655
2026-03-04 14:28:30.846174,0,0
2026-03-04 14:28:35.849688,1,696.3820790342038
2026-03-04 14:28:40.855534,0,0.0
2026-03-04 14:28:45.861073,0,0.0
2026-03-04 14:28:50.866583,0,0.0
2026-03-04 14:29:25.014498,0,0
2026-03-04 14:32:02.510201,0,0
2026-03-04 14:32:07.515727,1,519.4930220898063
2026-03-04 14:32:12.521209,1,301.16108646370634
2026-03-04 14:34:01.437969,0,0
2026-03-04 14:34:06.441640,0,6532.589455950833
2026-03-04 14:34:14.930273,0,0
2026-03-04 14:34:19.933593,1,1026.3902766491897
2026-03-04 14:35:17.930794,0,0
2026-03-04 14:35:22.936523,0,0.0
2026-03-04 14:35:27.941960,0,0.0
2026-03-04 14:35:32.945582,1,644.2429665894692
2026-03-04 14:35:37.949581,1,708.581681953464
2026-03-04 14:35:42.953561,1,745.1509914104657
2026-03-04 14:35:47.959143,1,787.139758873861
2026-03-04 14:35:52.961584,1,668.4347387741005
2026-03-04 14:35:57.965654,1,702.4813164775273
2026-03-04 14:36:02.971130,1,839.00238378684
2026-03-04 14:36:07.976590,1,840.0773773885355
2026-03-04 14:36:12.982008,1,1023.3611288298965
2026-03-04 14:36:17.988143,1,500.60862957004645
2026-03-04 14:36:22.993657,1,1016.4192048559491
2026-03-04 14:36:27.999546,1,1038.164245194372
2026-03-04 14:36:33.006209,1,788.4928661693776
2026-03-04 14:36:38.011840,0,0.0
2026-03-04 14:37:38.494976,0,0
2026-03-04 14:37:43.500667,0,0.0
2026-03-04 14:37:48.501667,0,0.0
2026-03-04 14:37:53.507097,0,0.0
2026-03-04 14:37:58.512591,0,0.0
2026-03-04 14:38:03.518008,0,0.0
2026-03-04 14:38:08.523509,1,1299.0523469052355
2026-03-04 14:38:13.527278,1,1430.7512012925238
2026-03-04 14:38:18.532868,0,0.0
2026-03-04 14:38:23.538316,0,0.0
2026-03-04 14:38:28.543725,0,0.0
2026-03-04 14:38:33.549235,0,0.0
2026-03-04 14:38:38.554642,1,1425.5286738610346
2026-03-04 14:38:43.557731,1,1680.3719826276563
2026-03-04 14:38:48.563254,1,2110.5736187112734
2026-03-04 14:38:53.565699,1,3206.235331350461
2026-03-04 14:38:58.569687,1,809.3732142837443
2026-03-04 14:39:03.575033,1,295.0610106401725
2026-03-04 14:39:08.580750,0,0.0
2026-03-04 14:39:13.586486,0,0.0
2026-03-04 14:39:18.591997,0,0.0
2026-03-04 14:39:23.597746,1,584.7777355542873
2026-03-04 14:39:28.603502,1,625.5637457525812
2026-03-04 14:39:33.607156,1,571.9484242482009
2026-03-04 14:39:38.612729,1,571.9484242482009
2026-03-04 14:39:43.618280,1,571.9484242482009
2026-03-04 14:39:48.621721,1,571.9484242482009
2026-03-04 14:39:53.627324,1,571.9484242482009
2026-03-04 14:39:58.632852,1,571.9484242482009
2026-03-04 14:40:03.637600,1,571.9484242482009
2026-03-04 14:40:08.644004,0,0.0
2026-03-04 14:40:13.649657,0,0.0
2026-03-04 14:40:18.652779,0,0.0
2026-03-04 14:40:23.657559,0,0.0
2026-03-04 14:40:28.659275,0,0.0
2026-03-04 14:40:33.664796,0,0.0
2026-03-04 14:40:38.670225,0,0.0
2026-03-04 14:40:43.673735,0,0.0
2026-03-04 14:40:48.681555,1,710.2091241317588
2026-03-04 14:40:53.687200,0,0.0
2026-03-04 14:40:58.694527,0,0.0
2026-03-04 14:41:03.700084,1,480.0468727114051
2026-03-04 14:41:08.701815,1,393.57337308308854
2026-03-04 14:41:13.790204,0,0
2026-03-04 14:41:18.795730,1,364.0782882842645
2026-03-04 14:41:23.801192,1,321.5618136533006
2026-03-04 14:41:28.805557,0,0
2026-03-04 14:41:33.810973,0,0
2026-03-04 14:41:40.070173,0,0
2026-03-04 14:41:45.075373,0,0
2026-03-04 14:41:50.080836,0,0
2026-03-04 14:41:55.085981,0,0
2026-03-04 14:42:00.091434,0,0
2026-03-04 14:42:05.096810,0,0
2026-03-04 14:42:10.102125,0,0
2026-03-04 14:42:15.107492,0,0
2026-03-04 14:42:20.109517,0,0
2026-03-04 14:42:25.112391,0,0
2026-03-04 14:42:29.182242,0,0
2026-03-04 14:42:34.185446,0,0
2026-03-04 14:42:39.190813,0,0
2026-03-04 14:42:44.196199,0,0
2026-03-04 14:42:49.201510,0,0
2026-03-04 14:42:54.206827,0,0
2026-03-04 14:42:59.209559,0,0
2026-03-04 14:43:05.078169,0,0
2026-03-04 14:43:10.079933,0,0
2026-03-04 14:43:15.086163,0,0
2026-03-04 14:43:20.091583,0,0.0
2026-03-04 14:43:25.093541,1,4929.195573316198
2026-03-04 14:43:30.099312,1,4395.43331197278
2026-03-04 14:43:35.104955,1,4249.32229890838
2026-03-04 14:43:40.110483,1,4580.419631431164
2026-03-04 14:43:45.115977,0,0.0
2026-03-04 14:43:50.121401,1,7546.721142323996
2026-03-04 14:43:55.126735,0,0.0
2026-03-04 14:44:00.133578,0,0.0
2026-03-04 14:44:13.710215,0,0
2026-03-04 14:44:18.715628,1,7457.680135269949
2026-03-04 14:44:23.720301,1,7171.752156900014
2026-03-04 14:44:28.725799,1,7171.752156900014
2026-03-04 14:44:33.731289,1,7171.752156900014
2026-03-04 14:44:38.736509,1,7171.752156900014
2026-03-04 14:44:43.741894,1,7171.752156900014
2026-03-04 14:44:48.747529,1,7171.752156900014
2026-03-04 14:44:53.753130,1,7357.1603897155865
2026-03-04 14:44:58.758674,1,7277.500257643417
2026-03-04 14:45:03.764175,1,591.5141587485459
2026-03-04 14:45:08.769689,1,594.4787632876383
2026-03-04 14:45:13.773937,1,818.590251591112
2026-03-04 14:45:18.778204,1,598.6935777173495
2026-03-04 14:45:23.783822,1,598.6935777173495
2026-03-04 14:45:28.789346,1,598.6935777173495
2026-03-04 14:45:33.795062,1,598.6935777173495
2026-03-04 14:45:38.798128,1,598.6935777173495
2026-03-04 14:45:43.803602,1,598.6935777173495
2026-03-04 14:45:48.809069,1,598.6935777173495
2026-03-04 14:45:53.813714,1,466.94967608940476
2026-03-04 14:46:00.566226,0,0
2026-03-04 14:46:05.571672,1,466.94967608940476
2026-03-04 14:46:10.577132,1,937.4561323070003
2026-03-04 14:46:15.582716,1,744.3016861461487
2026-03-04 14:46:20.589588,1,993.4525655510685
2026-03-04 14:46:25.595316,1,1451.6700727093605
2026-03-04 14:46:30.599384,1,1488.4639733631445
2026-03-04 14:46:35.601723,1,924.3657284862957
2026-03-04 14:46:40.606332,1,1248.7569819624634
2026-03-04 14:46:45.612411,1,1248.7569819624634
2026-03-04 14:46:50.618413,1,1248.7569819624634
2026-03-04 14:46:55.624107,1,1248.7569819624634
2026-03-04 14:47:00.629636,1,1248.7569819624634
2026-03-04 14:47:05.635433,1,1248.7569819624634
2026-03-04 14:47:10.641193,1,1248.7569819624634
2026-03-04 14:47:15.647156,0,0.0
2026-03-04 14:47:20.651613,1,758.1695061132438
2026-03-04 14:47:29.096642,0,0
2026-03-04 14:47:34.102221,1,627.781012774359
2026-03-04 14:47:39.107706,1,524.4921353080521
2026-03-04 14:47:44.113548,1,378.88916585196785
2026-03-04 14:47:49.119155,0,0.0
2026-03-04 14:47:54.125055,0,0.0
2026-03-04 14:47:59.130589,0,0.0
2026-03-04 14:48:04.136040,0,0.0
2026-03-04 14:48:09.137677,0,0.0
2026-03-04 14:48:14.143205,0,0.0
2026-03-04 14:48:19.145453,0,0
2026-03-04 14:48:24.150886,0,0
2026-03-04 14:48:29.156214,0,0
2026-03-04 14:48:34.162652,0,0
2026-03-04 14:48:39.169086,0,0
2026-03-04 14:48:44.175505,0,0
2026-03-04 14:48:50.197533,0,0
2026-03-04 14:48:55.202905,0,0
2026-03-04 14:49:00.209286,0,0
2026-03-04 14:49:05.215698,1,332.54323027239633
2026-03-04 14:49:10.221574,0,0
2026-03-04 14:49:15.225471,1,456.7734668301126
2026-03-04 14:49:20.231052,1,569.9587704387046
2026-03-04 14:49:25.236557,1,352.4556709715422
2026-03-04 14:49:30.242127,1,542.3098745182499
2026-03-04 14:49:35.247638,0,0.0
2026-03-04 14:49:40.253462,0,0.0
2026-03-04 14:49:45.259030,0,0.0
2026-03-04 14:49:50.264447,0,0.0
2026-03-04 14:49:55.269948,1,575.1956188984752
2026-03-04 14:50:00.273597,1,344.39657373440866
2026-03-04 14:50:05.277907,0,0.0
2026-03-04 14:50:10.283465,1,457.39479664727276
2026-03-04 14:50:15.288987,1,565.9911660087992
2026-03-04 14:50:20.294247,1,377.0331550407736
2026-03-04 14:50:25.301319,1,498.89477848540366
2026-03-04 14:50:30.306587,0,0
2026-03-04 14:50:35.309447,0,0
2026-03-04 14:50:40.314760,0,0
2026-03-04 14:50:45.320141,0,0
2026-03-04 14:50:50.325523,0,0
2026-03-04 14:50:55.331004,0,0
2026-03-04 14:51:00.336421,0,0.0
2026-03-04 14:51:05.342013,0,0.0
2026-03-04 14:51:10.347554,0,0.0
2026-03-04 14:51:15.349541,0,0.0
2026-03-04 14:51:20.355031,1,307.8830946966722
2026-03-04 14:51:25.361677,1,292.33542378576016
2026-03-04 14:51:30.367173,1,803.2994460349141
2026-03-04 14:51:35.372669,1,1023.5882961425458
2026-03-04 14:51:40.375162,1,647.3461207113239
2026-03-04 14:51:45.380242,1,647.3461207113239
2026-03-04 14:51:50.385742,1,647.3461207113239
2026-03-04 14:51:55.391214,1,647.3461207113239
2026-03-04 14:52:00.396599,1,616.8257452473915
2026-03-04 14:52:05.402202,1,405.5231189463802
2026-03-04 14:52:10.408274,1,291.79616172938256
2026-03-04 14:52:15.413930,1,343.4472302989209
2026-03-04 14:52:20.419872,1,746.8400096406191
2026-03-04 14:52:25.425515,1,1393.3764746112229
2026-03-04 14:52:30.431352,1,1404.8202732022341
2026-03-04 14:52:35.436718,1,1440.2617817605242
2026-03-04 14:52:40.426180,0,0
2026-03-04 14:52:45.429711,1,921.9571573560238
2026-03-04 14:52:50.433571,1,872.928977637929
2026-03-04 14:52:55.437814,1,1100.6189167918203
2026-03-04 14:53:00.443488,0,0.0
2026-03-04 14:53:05.448924,0,0.0
2026-03-04 14:53:10.454320,0,0.0
2026-03-04 14:53:15.457646,1,1000.3824268748427
2026-03-04 14:53:20.463620,1,1462.253739950765
2026-03-04 14:53:25.469312,1,2155.1283024451236
2026-03-04 14:53:30.473928,1,1680.5466372582464
2026-03-04 14:53:35.479753,1,2581.393422165633
2026-03-04 14:53:40.485434,1,3420.910551300633
2026-03-04 14:53:45.490913,1,4310.283633358715
2026-03-04 14:53:50.495445,1,2380.3800116788075
2026-03-04 14:53:55.497629,1,2710.7054432379773
2026-03-04 14:54:00.503147,1,2774.4644528268873
2026-03-04 14:54:05.510988,1,2632.6841815911
2026-03-04 14:54:10.515496,1,3059.369379463683
2026-03-04 14:54:15.521318,1,2839.3212217007076
2026-03-04 14:54:20.526133,1,3084.638228382706
2026-03-04 14:54:25.531665,1,2465.6828668748135
2026-03-04 14:54:30.537341,1,2562.981466963817
2026-03-04 14:54:35.542951,1,2317.4738401975546
2026-03-04 14:54:40.545629,1,3104.859578145202
2026-03-04 14:54:45.551113,1,2870.685109864891
2026-03-04 14:54:50.556812,1,2300.5618878873915
2026-03-04 14:54:55.557718,1,2307.8936283979815
2026-03-04 14:55:00.563114,1,2233.299129091309
2026-03-04 14:55:05.568855,1,2005.3727832999032
2026-03-04 14:55:10.574344,1,1650.312091696598
2026-03-04 14:55:15.580152,1,1704.88738631031
2026-03-04 14:55:20.585753,1,2046.6863462680353
2026-03-04 14:55:25.591267,1,1937.7928165828255
2026-03-04 14:55:30.594541,1,1703.28212577952
2026-03-04 14:55:35.600081,1,1798.8496324039984
2026-03-04 14:55:40.605660,1,1616.8688876962165
2026-03-04 14:55:45.611516,1,2157.1189118822354
2026-03-04 14:55:50.615495,1,1550.6530882179934
2026-03-04 14:55:55.619609,1,1662.6593156747415
2026-03-04 14:56:00.625410,1,2063.117301560917
2026-03-04 14:56:05.630948,1,1762.8000453823456
2026-03-04 14:56:10.633672,1,2519.7912611960537
2026-03-04 14:56:15.639225,1,2539.5907150562666
2026-03-04 14:56:20.644706,1,1962.3536888135125
2026-03-04 14:56:25.650159,1,2400.950853307914
2026-03-04 14:56:30.655708,1,2531.4077111362367
2026-03-04 14:56:35.656589,1,2534.7808583780966
2026-03-04 14:56:40.659929,1,2703.0895286690006
2026-03-04 14:56:45.665431,1,2777.636765309676
2026-03-04 14:56:50.673163,1,2350.0717010338217
2026-03-04 14:56:55.678867,1,2114.1641374311503
2026-03-04 14:57:00.684623,1,2907.0096319069876
2026-03-04 14:57:05.690122,1,2707.695699298575
2026-03-04 14:57:10.695636,1,2554.019577058876
2026-03-04 14:57:15.697847,1,2321.0542863104256
2026-03-04 14:57:20.705591,1,2352.8603868483146
2026-03-04 14:57:25.711163,1,2393.1654769363527
2026-03-04 14:57:30.716782,1,2556.188568944005
2026-03-04 14:57:35.722437,1,2711.3518768319245
2026-03-04 14:57:40.725997,1,1795.4656777560522
2026-03-04 14:57:45.729607,1,1604.7585488166126
2026-03-04 14:57:50.735150,1,1783.23806599119
2026-03-04 14:57:55.740635,1,2582.372939759089
2026-03-04 14:58:00.746192,1,1627.9293596467876
2026-03-04 14:58:05.751744,1,1574.6291626919653
2026-03-04 14:58:10.757272,1,1619.3955662530389
2026-03-04 14:58:15.762011,1,1362.721541621765
2026-03-04 14:58:20.767742,1,2022.2131440577673
2026-03-04 14:58:25.773480,1,1396.1325152004733
2026-03-04 14:58:30.777720,1,1439.2810705348695
2026-03-04 14:58:35.783253,1,1812.8091460493022
2026-03-04 14:58:40.788747,1,1537.339585127502
2026-03-04 14:58:45.794346,1,1564.113167261244
2026-03-04 14:58:50.799844,1,1448.0486870267864
2026-03-04 14:58:55.804784,1,1485.8081975813702
2026-03-04 14:59:00.809942,1,1669.3052447051139
2026-03-04 14:59:05.813733,1,1736.7524291043903
2026-03-04 14:59:10.819193,1,1833.6098276350942
2026-03-04 14:59:15.824912,1,1634.0820052861484
2026-03-04 14:59:20.830639,1,2618.2284086763707
2026-03-04 14:59:25.836578,1,2462.540354999284
2026-03-04 14:59:30.842264,1,2461.8848470227035
2026-03-04 14:59:35.846953,1,1946.1451641642768
2026-03-04 14:59:40.852886,1,1917.7538945339154
2026-03-04 14:59:45.858404,1,1672.6613524560194
2026-03-04 14:59:50.863866,1,2175.1436734156205
2026-03-04 14:59:55.870125,1,1899.0065824003875
2026-03-04 15:00:00.876593,1,1724.1113653125774
2026-03-04 15:00:05.882068,1,1470.3445174516073
2026-03-04 15:00:10.888187,1,1793.9044010202997
2026-03-04 15:00:15.893836,1,1713.4669532850642
2026-03-04 15:00:20.899190,1,2244.9412019026245
2026-03-04 15:00:25.901663,1,1500.4032791219834
2026-03-04 15:00:30.905639,1,1374.9927272534935
2026-03-04 15:00:35.909621,1,2134.314175560852
2026-03-04 15:00:40.914857,1,1346.4267525565585
2026-03-04 15:00:45.920037,1,1349.5869738553347
2026-03-04 15:00:50.924120,1,1960.9681282468616
2026-03-04 15:00:55.929756,1,2359.565426090152
2026-03-04 15:01:00.935204,1,1458.3734089731615
2026-03-04 15:01:05.940546,1,2273.439024913578
2026-03-04 15:01:10.946338,1,2374.2815755508022
2026-03-04 15:01:15.952020,1,2268.6674502888254
2026-03-04 15:01:20.957883,1,2392.4617029327765
2026-03-04 15:01:25.963184,1,4260.912695655709
2026-03-04 15:01:30.969205,1,4540.852122674774
2026-03-04 15:01:35.977377,1,4488.073083183918
2026-03-04 15:01:40.981583,1,2599.1710216913393
2026-03-04 15:01:45.987372,1,4130.619566118381
2026-03-04 15:01:50.993261,1,2587.1795453736872
2026-03-04 15:01:55.997658,1,2765.8787030526123
2026-03-04 15:02:01.003169,1,2876.4855292526677
2026-03-04 15:02:06.009637,1,3468.0222029277725
2026-03-04 15:02:11.013864,1,2369.165464884207
2026-03-04 15:02:16.019641,1,2378.754295844781
2026-03-04 15:02:21.025138,1,2729.8095171641557
2026-03-04 15:02:26.030652,1,2584.2167091790116
2026-03-04 15:02:31.036318,1,3012.5182157125623
2026-03-04 15:02:36.043224,1,481.918042824711
2026-03-04 15:02:41.048733,1,2193.421528115378
2026-03-04 15:02:46.054022,1,2410.1919010734396
2026-03-04 15:02:51.059738,1,2212.2576703449354
2026-03-04 15:02:56.065401,1,2195.051252249022
2026-03-04 15:03:01.070671,1,3538.6240263695718
2026-03-04 15:03:06.076415,1,3706.451267722267
2026-03-04 15:03:11.082260,1,3757.9361357000203
2026-03-04 15:03:16.089093,1,3666.8412837209085
2026-03-04 15:03:21.094398,1,3636.3802056440686
2026-03-04 15:03:26.099901,1,3684.9831749955115
2026-03-04 15:03:31.105399,1,3023.9968584639764
2026-03-04 15:03:36.110930,1,2561.7847294415665
2026-03-04 15:03:41.114703,1,2410.676461078923
2026-03-04 15:03:46.117639,1,2515.4629792545147
2026-03-04 15:03:51.125431,1,2755.771035481722
2026-03-04 15:03:56.131088,1,1945.9455285284837
2026-03-04 15:04:01.136230,1,2152.4037725296803
2026-03-04 15:04:06.142090,1,2439.2998995613475
2026-03-04 15:04:11.149700,1,3746.9681076838647
2026-03-04 15:04:16.155262,1,3514.043255283008
2026-03-04 15:04:21.160717,1,3623.7733096870174
2026-03-04 15:04:26.166398,1,3615.218112368879
2026-03-04 15:04:31.171609,1,2102.0085632556306
2026-03-04 15:04:36.177887,1,1995.6517732309912
2026-03-04 15:04:41.183762,1,1941.8326395444074
2026-03-04 15:04:46.189741,1,2017.9499498253172
2026-03-04 15:04:51.195876,1,2021.8135423426168
2026-03-04 15:04:56.201720,1,3429.3720999623242
2026-03-04 15:05:01.207586,1,3506.1558721768206
2026-03-04 15:05:06.214690,1,3518.9806762754465
2026-03-04 15:05:11.233623,1,3501.5005354847513
2026-03-04 15:05:16.237998,1,3475.304447095247
2026-03-04 15:05:21.245352,1,3563.7626183571765
2026-03-04 15:05:26.252997,1,3143.381936704479
2026-03-04 15:05:31.259734,1,3088.876332908134
2026-03-04 15:05:36.267059,1,3097.8147136328216
2026-03-04 15:05:41.274113,1,3140.3823015677567
2026-03-04 15:05:46.281199,1,3134.316033842152
2026-03-04 15:05:51.288212,1,3085.0194488852094
2026-03-04 15:05:56.292627,1,3124.6684624132527
2026-03-04 15:06:01.297852,1,3365.7109204445946
2026-03-04 15:06:06.303638,1,3493.6771459309175
2026-03-04 15:06:11.305611,1,3399.262419996432
2026-03-04 15:06:16.311333,1,3542.9604852439434
2026-03-04 15:06:21.317741,1,3552.723462359546
2026-03-04 15:06:26.322076,1,3610.4056558785746
2026-03-04 15:06:31.329616,1,3500.7783420262413
2026-03-04 15:06:36.335219,1,2931.433096626972
2026-03-04 15:06:41.341108,1,2683.010622416542
2026-03-04 15:06:46.347007,1,2591.7503737821667
2026-03-04 15:06:51.352584,1,2614.3121466267185
2026-03-04 15:06:56.358163,1,2671.402066331461
2026-03-04 15:07:01.361850,1,1863.225697547133
2026-03-04 15:07:06.367435,1,2514.045544535739
2026-03-04 15:07:11.369784,1,1938.7521760142527
2026-03-04 15:07:16.375421,1,1892.858420484744
2026-03-04 15:07:21.380880,1,2124.621613370249
2026-03-04 15:07:26.386875,1,1965.0254451278743
2026-03-04 15:07:31.392345,1,1948.262815946555
2026-03-04 15:07:36.397999,1,2584.9796904424607
2026-03-04 15:07:41.403565,1,2006.239517106569
2026-03-04 15:07:46.405771,1,1226.325405428755
2026-03-04 15:07:51.411554,1,1167.5671286911088
2026-03-04 15:07:56.415899,1,2454.9256607889374
2026-03-04 15:08:01.421389,1,2436.9171097926164
2026-03-04 15:08:06.429652,1,2656.332057556058
2026-03-04 15:08:11.435122,1,2071.741779276558
2026-03-04 15:08:16.440645,1,2440.2551096145667
2026-03-04 15:08:21.448061,1,2450.133465752427
2026-03-04 15:08:26.453611,1,2786.3237428554494
2026-03-04 15:08:31.461783,1,2236.8124641998934
2026-03-04 15:08:36.469677,1,2534.001775847839
2026-03-04 15:08:41.475168,1,1257.3623185064837
2026-03-04 15:08:46.480813,1,2633.7086019527674
2026-03-04 15:08:51.486185,1,2476.4591658252716
2026-03-04 15:08:56.489681,1,2214.2088880681517
2026-03-04 15:09:01.497325,1,2383.5372873106057
2026-03-04 15:09:06.503038,1,550.1136246267674
2026-03-04 15:09:11.508513,1,887.919478331228
2026-03-04 15:09:16.514040,1,560.5283222103947
2026-03-04 15:09:21.520712,1,4156.622908082954
2026-03-04 15:09:26.525621,1,4099.094778118701
2026-03-04 15:09:31.530236,1,4037.1004446260686
2026-03-04 15:09:36.537625,1,4188.277211455803
2026-03-04 15:09:41.541931,1,1050.9885822405495
2026-03-04 15:09:46.549644,1,3533.98839839635
2026-03-04 15:09:51.553637,1,1300.89699822853
2026-03-04 15:09:56.557704,1,4282.259333576144
2026-03-04 15:10:01.563733,1,4187.865446740141
2026-03-04 15:10:06.569269,1,4005.4964735972494
2026-03-04 15:10:11.577036,1,1187.5765238501476
2026-03-04 15:10:16.582651,1,7534.757992132196
2026-03-04 15:10:21.588178,1,7534.757992132196
2026-03-04 15:10:26.591002,1,7534.757992132196
2026-03-04 15:10:31.596764,1,7534.757992132196
2026-03-04 15:10:36.602283,1,7534.757992132196
2026-03-04 15:10:44.818246,0,0
2026-03-04 15:10:49.823648,0,0.0
2026-03-04 15:10:54.829149,0,0.0
2026-03-04 15:10:59.834693,0,0.0
2026-03-04 15:11:04.840116,0,0.0
2026-03-04 15:11:09.845601,0,0.0
2026-03-04 15:11:14.851008,0,0.0
2026-03-04 15:11:19.856504,0,0.0
2026-03-04 15:11:24.862175,1,1696.9728931246957
2026-03-04 15:11:29.867683,1,2380.47579277757
2026-03-04 15:11:34.873318,1,715.5711005902907
2026-03-04 15:11:39.880989,1,7497.499649883286
2026-03-04 15:11:44.886457,0,0.0
2026-03-04 15:11:49.889642,0,0.0
2026-03-04 15:11:54.895189,0,0.0
2026-03-04 15:11:59.900648,0,0.0
2026-03-04 15:12:04.906271,1,1894.588345789132
2026-03-04 15:12:09.911925,1,1865.1361880570544
2026-03-04 15:12:14.917595,1,2152.311548080342
2026-03-04 15:12:19.921773,1,452.24993090104505
2026-03-04 15:12:24.927729,1,1048.6586670599734
2026-03-04 15:12:29.933310,0,0.0
2026-03-04 15:12:34.938812,0,0.0
2026-03-04 15:12:39.944551,0,0.0
2026-03-04 15:12:44.950314,0,0.0
2026-03-04 15:12:49.956146,1,2255.477111389074
2026-03-04 15:12:54.961650,1,1845.4628145806678
2026-03-04 15:12:59.968250,1,2263.6382219780617
2026-03-04 15:13:04.973927,1,587.929417532411
2026-03-04 15:13:09.979800,1,1249.22255823372
2026-03-04 15:13:14.981703,0,0.0
2026-03-04 15:13:19.985595,0,0.0
2026-03-04 15:13:24.991030,0,0.0
2026-03-04 15:13:29.993667,0,0.0
2026-03-04 15:13:34.999086,1,1190.0357137498017
2026-03-04 15:13:40.004538,1,1184.846403547734
2026-03-04 15:13:45.010042,1,1093.2639205608132
2026-03-04 15:13:50.012551,1,701.5311824858536
2026-03-04 15:13:55.018021,1,701.5311824858536
2026-03-04 15:14:00.021581,1,790.0987280080889
2026-03-04 15:14:05.025583,1,4610.780628049875
2026-03-04 15:14:10.031033,1,380.3117142555564
2026-03-04 15:14:15.036439,1,2071.035489797314
2026-03-04 15:14:20.041874,1,2237.269764690883
2026-03-04 15:14:25.047438,1,2262.0804583391814
2026-03-04 15:14:30.049639,1,3351.1800906546337
2026-03-04 15:14:35.055298,1,2212.2513419591364
2026-03-04 15:14:40.061796,1,2154.7883886822856
2026-03-04 15:14:45.065590,1,2228.121406027957
2026-03-04 15:14:50.071086,1,2232.794213536035
2026-03-04 15:14:55.076762,1,2248.4805980928545
2026-03-04 15:15:00.082410,1,2324.4117535410974
2026-03-04 15:15:05.088267,1,2483.682145525067
2026-03-04 15:15:10.093767,1,2489.451546023742
2026-03-04 15:15:15.098471,1,2407.210211011909
2026-03-04 15:15:20.101784,1,2276.082599555649
2026-03-04 15:15:25.107364,1,2300.6868539633983
2026-03-04 15:15:30.114388,1,2368.519579821961
2026-03-04 15:15:35.120122,1,2379.9516801817635
2026-03-04 15:15:40.125924,1,2374.2876826534734
2026-03-04 15:15:45.134466,1,1427.0504546090863
2026-03-04 15:15:50.139205,1,1879.671513855546
2026-03-04 15:15:55.153651,1,2492.1641197962867
2026-03-04 15:16:00.161587,1,2312.831165476633
2026-03-04 15:16:05.166937,1,2304.6131996497807
2026-03-04 15:16:10.172046,1,1917.1567489383856
2026-03-04 15:16:15.177679,1,2175.62588695759
2026-03-04 15:16:20.185784,1,2148.277682237564
2026-03-04 15:16:25.191386,1,2424.5529484834933
2026-03-04 15:16:30.196934,1,2319.6277718634083
2026-03-04 15:16:35.202450,1,2281.4819745069212
2026-03-04 15:16:40.207040,1,2403.0915504824197
2026-03-04 15:16:45.212516,1,2323.327355324686
2026-03-04 15:16:50.218140,1,2414.7821847943137
2026-03-04 15:16:55.223974,1,2552.5081782435095
2026-03-04 15:17:00.229538,1,3341.4046447564533
2026-03-04 15:17:05.235353,1,3371.1140591798435
2026-03-04 15:17:10.237900,1,3449.7005667158996
2026-03-04 15:17:15.244924,1,3617.976506280824
2026-03-04 15:17:20.250458,1,3493.0906086158143
2026-03-04 15:17:25.253604,1,3300.204236104184
2026-03-04 15:17:30.255673,1,3461.7834998740173
2026-03-04 15:17:35.261128,1,3473.412443116999
2026-03-04 15:17:40.266588,1,2278.0035118497954
2026-03-04 15:17:45.272056,1,320.1515266245032
2026-03-04 15:17:50.274123,1,2663.7192044207663
2026-03-04 15:17:55.279637,1,3547.908820699878
2026-03-04 15:18:00.281699,1,3811.627080394933
2026-03-04 15:18:05.287270,1,2602.8816723009136
2026-03-04 15:18:10.292801,1,1979.1980699263022
2026-03-04 15:18:15.298392,1,1590.1940133203873
2026-03-04 15:18:20.303933,1,657.0372896571396
2026-03-04 15:18:25.309903,1,2382.8256335703627
2026-03-04 15:18:30.315436,1,4673.747639742651
2026-03-04 15:18:35.321128,1,3941.339873697776
2026-03-04 15:18:40.326665,1,3798.890890773253
2026-03-04 15:18:45.332243,1,3845.243425324332
2026-03-04 15:18:50.339436,1,3814.3775376855397
2026-03-04 15:18:55.345010,1,3783.119480005885
2026-03-04 15:19:00.349915,1,3708.310666597393
2026-03-04 15:19:05.353621,1,3744.9939919844996
2026-03-04 15:19:10.357623,1,3839.5735440280346
2026-03-04 15:19:15.358266,1,3841.658496014449
2026-03-04 15:19:20.363993,1,3981.7031531745306
2026-03-04 15:19:25.369604,1,3956.335931136283
2026-03-04 15:19:30.375449,1,3428.088972007582
2026-03-04 15:19:35.377622,1,2525.998020585131
2026-03-04 15:19:40.382042,1,2418.0134408228587
2026-03-04 15:19:45.387623,1,3701.543596933582
2026-03-04 15:19:50.393251,1,2409.9597507012436
2026-03-04 15:19:55.398836,1,2593.191084359192
2026-03-04 15:20:00.404435,1,4639.415480424232
2026-03-04 15:20:05.410271,1,4001.1754522889896
2026-03-04 15:20:10.413665,1,3920.693433565037
2026-03-04 15:20:15.421664,1,2298.194943863553
2026-03-04 15:20:20.427178,1,2277.2847867581254
2026-03-04 15:20:25.431418,1,2279.777401414445
2026-03-04 15:20:30.437022,1,2202.236136294199
2026-03-04 15:20:35.442718,1,3847.757268851558
2026-03-04 15:20:40.448233,1,3802.2242174811313
2026-03-04 15:20:45.453054,1,3796.070599975717
2026-03-04 15:20:50.458476,1,3951.8744919341757
2026-03-04 15:20:55.465697,1,3719.7897790063353
2026-03-04 15:21:00.471572,1,2441.003891844501
2026-03-04 15:21:05.475102,1,2453.725331001822
2026-03-04 15:21:10.480748,1,2560.850639924164
2026-03-04 15:21:15.486297,1,2424.819374716393
2026-03-04 15:21:20.490855,1,2655.0173257438455
2026-03-04 15:21:25.496279,1,2224.5909736398735
2026-03-04 15:21:30.502055,1,2220.6039718959346
2026-03-04 15:21:35.507567,1,2613.094908341448
2026-03-04 15:21:40.513520,1,2405.828131849821
2026-03-04 15:21:45.517635,1,2260.474507708503
2026-03-04 15:21:50.523213,1,2192.426281542894
2026-03-04 15:21:55.528671,1,2050.982691297028
2026-03-04 15:22:00.534190,1,2059.469834690472
2026-03-04 15:22:05.539687,1,2073.429285025173
2026-03-04 15:22:10.545434,1,1925.0974001333022
2026-03-04 15:22:15.551034,1,2034.6294502930994
2026-03-04 15:22:20.556833,1,2012.284522625963
2026-03-04 15:22:25.565606,1,1940.5282785880756
2026-03-04 15:22:30.569666,1,2223.792256484405
2026-03-04 15:22:35.573753,1,2353.76995477468
2026-03-04 15:22:40.579476,1,2588.328611285669
2026-03-04 15:22:45.581652,1,2383.354149093248
2026-03-04 15:22:50.587412,1,2263.337579770194
2026-03-04 15:22:55.592902,1,2342.5033617905437
2026-03-04 15:23:00.598889,1,2359.951270683359
2026-03-04 15:23:05.604434,1,2352.78388297778
2026-03-04 15:23:10.610045,1,2366.784316324578
2026-03-04 15:23:15.617576,1,2325.818995536841
2026-03-04 15:23:20.621761,1,2529.7355593025923
2026-03-04 15:23:25.627636,1,2744.62456448965
2026-03-04 15:23:30.633302,1,3351.566946966747
2026-03-04 15:23:35.638026,1,2203.025192774699
2026-03-04 15:23:40.645077,1,2245.4632038846685
2026-03-04 15:23:45.651049,1,2258.3509470407826
2026-03-04 15:23:50.656571,1,1978.8948936211848
2026-03-04 15:23:55.661629,1,1855.4853812412534
2026-03-04 15:24:00.665629,1,1865.2348377617227
2026-03-04 15:24:05.673618,1,2112.221579285658
2026-03-04 15:24:10.679084,1,2044.4035805094845
2026-03-04 15:24:15.684612,1,2106.6940926484795
2026-03-04 15:24:20.690124,1,2186.540875446878
2026-03-04 15:24:25.695961,1,2368.2520980672643
2026-03-04 15:24:30.696708,1,2168.900643183085
2026-03-04 15:24:35.705598,1,2212.811108070456
2026-03-04 15:24:40.711411,1,2244.7850676623807
2026-03-04 15:24:45.716949,1,2218.5655275425156
2026-03-04 15:24:50.722462,1,2234.5742323762706
2026-03-04 15:24:55.725937,1,2224.6941362803113
2026-03-04 15:25:00.733609,1,2237.5741328501276
2026-03-04 15:25:05.739274,1,2065.907064705477
2026-03-04 15:25:10.744864,1,2102.670920519899
2026-03-04 15:25:15.750773,1,1963.424813941191
2026-03-04 15:25:20.753691,1,1929.0541723860426
2026-03-04 15:25:25.759188,1,2003.2473636573193
2026-03-04 15:25:30.764744,1,2335.0308349141774
2026-03-04 15:25:35.773625,1,3300.487842728708
2026-03-04 15:25:40.779257,1,3704.741961324702
2026-03-04 15:25:45.785203,1,3843.765081271227
2026-03-04 15:25:50.793634,1,3974.4314058743043
2026-03-04 15:25:55.797869,1,4030.1548357352226
2026-03-04 15:26:00.805578,1,4127.925023543911
2026-03-04 15:26:05.809606,1,4241.243803414277
2026-03-04 15:26:10.813654,1,4084.27288510452
2026-03-04 15:26:15.818081,1,4258.995186660816
2026-03-04 15:26:20.823733,1,4169.950119605749
2026-03-04 15:26:25.829379,1,4160.588900624526
2026-03-04 15:26:30.833894,1,4108.485365679182
2026-03-04 15:26:35.839370,1,4152.6945469177
2026-03-04 15:26:40.843472,1,3871.103331093088
2026-03-04 15:26:45.848988,1,3941.698745464955
2026-03-04 15:26:50.854511,1,3941.698745464955
2026-03-04 15:26:55.860004,1,3941.698745464955
2026-03-04 15:27:00.865511,1,4049.932838949308
2026-03-04 15:27:05.869637,1,4049.932838949308
2026-03-04 15:27:10.875515,1,4142.882088594847
2026-03-04 15:27:15.878813,1,4142.882088594847
2026-03-04 15:27:20.884450,1,4142.882088594847
2026-03-04 15:27:25.892329,1,4148.753306717574
2026-03-04 15:27:30.898045,1,4190.558077392557
2026-03-04 15:27:35.901783,1,4030.9320262192464
2026-03-04 15:27:40.907377,1,3890.323636922769
2026-03-04 15:27:45.912829,1,3864.960155033943
2026-03-04 15:27:50.918379,1,1785.4929291374974
2026-03-04 15:27:55.923855,1,4055.1165211372163
2026-03-04 15:28:00.930994,1,3925.7164951127074
2026-03-04 15:28:05.937617,1,3837.437295904651
2026-03-04 15:28:10.943386,1,3878.6246273647052
2026-03-04 15:28:15.948974,1,3958.892016713767
2026-03-04 15:28:20.957329,1,3803.656398782624
2026-03-04 15:28:25.961635,1,1795.207508896952
2026-03-04 15:28:30.965631,1,1907.1510165689554
2026-03-04 15:28:35.971143,1,1903.9590331727204
2026-03-04 15:28:40.976629,1,1902.1803279394937
2026-03-04 15:28:45.982473,1,3848.556222793166
2026-03-04 15:28:50.985855,1,3802.2063331702557
2026-03-04 15:28:55.987358,1,3977.7014719558833
2026-03-04 15:29:00.992856,1,3919.8859677291634
2026-03-04 15:29:05.998811,1,3875.203478528579
2026-03-04 15:29:11.004389,1,3889.4797852669194
2026-03-04 15:29:16.013612,1,3871.3480856156552
2026-03-04 15:29:21.019091,1,3952.179145737197
2026-03-04 15:29:26.026184,1,3856.975628649992
2026-03-04 15:29:31.033247,1,3847.91748872036
2026-03-04 15:29:36.040479,1,3845.3902272721293
2026-03-04 15:29:41.046030,1,4211.658699372493
2026-03-04 15:29:46.049584,1,4163.1748702162395
2026-03-04 15:29:51.053639,1,1838.1754540848378
2026-03-04 15:29:56.059149,1,1876.2355928827276
2026-03-04 15:30:01.062152,1,3887.8020782956532
2026-03-04 15:30:06.067790,1,4013.6766187624035
2026-03-04 15:30:11.072851,1,3844.76956396609
2026-03-04 15:30:16.078215,1,3892.8822227239293
2026-03-04 15:30:21.083786,1,4061.8609035760937
2026-03-04 15:30:26.089474,1,3867.9361421822878
2026-03-04 15:30:31.095108,1,4047.060167578436
2026-03-04 15:30:36.097643,1,4036.779037797338
2026-03-04 15:30:41.106020,1,3983.4820195401912
2026-03-04 15:30:46.109674,1,3829.094540488652
2026-03-04 15:30:51.117624,1,3966.192758805351
2026-03-04 15:30:56.121609,1,4046.3451409883464
2026-03-04 15:31:01.127108,1,3852.296068580399
2026-03-04 15:31:06.133647,1,3859.464470622835
2026-03-04 15:31:11.137614,1,3912.539456670054
2026-03-04 15:31:16.143284,1,3745.5426843115806
2026-03-04 15:31:21.148868,1,3851.825671029259
2026-03-04 15:31:26.154483,1,3942.0148401547144
2026-03-04 15:31:31.160102,1,3860.8237463007813
2026-03-04 15:31:36.161892,1,3864.680064377904
2026-03-04 15:31:41.165680,1,3835.2883855063624
2026-03-04 15:31:46.172726,1,3910.256385456074
2026-03-04 15:31:51.178505,1,3940.284507494351
2026-03-04 15:31:56.181627,1,3925.683762098012
2026-03-04 15:32:01.187123,1,3987.9322963159743
2026-03-04 15:32:06.193349,1,3876.0350875604827
2026-03-04 15:32:11.197739,1,3883.0302599902566
2026-03-04 15:32:16.201699,1,3778.1116976606186
2026-03-04 15:32:21.205663,1,3838.851520963008
2026-03-04 15:32:26.206519,1,3987.0953086175405
2026-03-04 15:32:31.209668,1,3930.700700892908
2026-03-04 15:32:36.213657,1,3977.723092423604
2026-03-04 15:32:41.219184,1,3902.8939263064785
2026-03-04 15:32:46.224909,1,3957.8525743135
2026-03-04 15:32:51.230583,1,3941.287353137297
2026-03-04 15:32:56.233908,1,4113.906294508906
2026-03-04 15:33:01.239584,1,4344.814380384966
2026-03-04 15:33:06.245310,1,4346.615810029683
2026-03-04 15:33:11.251076,1,1931.4957934202187
2026-03-04 15:33:16.256919,1,1976.489817833626
2026-03-04 15:33:21.262784,1,3933.8459552961654
2026-03-04 15:33:26.269607,1,4081.3767285071835
2026-03-04 15:33:31.275088,1,4053.3128426017156
2026-03-04 15:33:36.280624,1,3919.387707282861
2026-03-04 15:33:41.286151,1,4012.8837511196357
2026-03-04 15:33:46.289114,1,4211.951091833807
2026-03-04 15:33:51.294551,1,3999.945999635495
2026-03-04 15:33:56.296531,1,4098.386267788823
2026-03-04 15:34:01.302118,1,3932.7550139819286
2026-03-04 15:34:06.307618,1,4031.282178166148
2026-03-04 15:34:11.312109,1,3880.5180066583894
2026-03-04 15:34:16.313624,1,4113.929994542931
2026-03-04 15:34:21.319100,1,4077.5641012741908
2026-03-04 15:34:26.324671,1,4380.484904665236
2026-03-04 15:34:31.327395,1,4379.395049547369
2026-03-04 15:34:36.333007,1,4466.856836747737
2026-03-04 15:34:41.333796,1,3945.4891965382444
2026-03-04 15:34:46.337744,1,3763.4304829503626
2026-03-04 15:34:51.344324,1,3724.454456695638
2026-03-04 15:34:56.349803,1,3679.1077722730547
2026-03-25 13:30:27.883642,0,0
2026-03-25 13:30:32.894138,1,516.1240161046568
2026-03-25 13:31:06.359840,0,0
2026-03-25 13:31:11.363756,1,974.6732785913441
2026-03-25 13:31:16.369258,1,623.8349140598016
2026-03-25 13:31:21.373641,1,1260.6062033799453
2026-03-25 13:31:26.379231,1,651.8051856191388
2026-03-25 13:31:31.383733,1,509.51938137817683
2026-03-25 13:31:36.389300,1,1190.4217739944108
2026-03-25 13:31:41.395014,1,1169.304066528463
2026-03-25 13:31:46.398992,1,367.2015795173
2026-03-25 13:31:51.404487,1,302.0761493398643
2026-03-25 13:31:56.410155,1,271.2231553536681
2026-03-25 13:32:01.416704,1,274.8108440364026
2026-03-25 13:32:06.419130,1,1601.9038672779338
2026-03-25 13:32:11.427000,0,0.0
2026-03-25 13:32:16.432538,0,0.0
2026-03-25 13:32:21.434997,1,368.3707371656983
2026-03-25 13:32:26.436786,1,237.41314201197878
2026-03-25 13:32:31.442393,1,1841.1262857283853
2026-03-25 13:32:36.448247,0,0.0
2026-03-25 13:32:41.450921,0,0.0
2026-03-25 13:32:46.456356,0,0.0
2026-03-25 13:32:51.461836,1,1111.7058963592845
2026-03-25 13:32:56.467351,1,493.6851223198852
2026-03-25 13:33:01.473217,0,0.0
2026-03-25 13:33:06.478752,0,0.0
2026-03-25 13:33:11.484154,0,0.0
2026-03-25 13:33:16.489614,0,0.0
2026-03-25 13:33:21.494998,0,0.0
2026-03-25 13:33:26.500480,0,0.0
2026-03-25 13:33:31.505988,0,0.0
2026-03-25 13:33:36.510899,1,1168.5499561422266
2026-03-25 13:33:41.516321,1,1050.947191822691
2026-03-25 13:33:46.518333,1,328.05639759041435
2026-03-25 13:55:32.885350,0,0
2026-03-25 13:55:37.886938,1,274.71075697904513
2026-03-25 13:55:42.890918,1,298.0
2026-03-25 13:55:47.896379,1,525.9144417108167
2026-03-25 13:57:46.343893,0,0
2026-03-25 13:57:51.349456,1,224.51057881534223
2026-03-25 13:57:56.354925,1,415.38054841313885
2026-03-25 13:58:01.360190,1,343.68153863715173
2026-03-25 13:58:06.363049,1,343.68153863715173
2026-03-25 13:58:11.368705,1,343.68153863715173
2026-03-25 13:58:16.375396,1,343.68153863715173
2026-03-25 13:58:21.380915,1,343.68153863715173
2026-03-25 13:58:26.386563,1,343.68153863715173
2026-03-25 13:58:31.392289,1,343.68153863715173
2026-03-25 13:58:36.396169,0,0.0
2026-03-25 14:47:05.295601,0,0
2026-03-25 14:47:10.301014,1,400.7193531637822
2026-03-25 14:47:15.306455,1,463.15872009495837
2026-03-25 14:47:20.312097,1,283.6229891951638
2026-03-25 14:47:25.315211,0,0.0
2026-03-25 14:47:30.320060,0,0.0
2026-03-25 14:47:35.325567,1,259.73832986296037
2026-03-25 14:47:40.331090,1,361.1675511448945
2026-03-25 14:48:17.404714,0,0
2026-03-25 14:48:22.412450,1,495.4159868231949
2026-03-25 14:48:27.417983,1,512.0595668474518
2026-03-25 14:48:32.425104,1,774.4068698042392
2026-03-25 14:48:37.430256,1,1082.0138631274556
2026-03-25 14:48:42.436065,1,991.2865377881412
2026-03-25 15:05:36.797419,0,0
2026-03-25 15:05:43.124045,0,0
2026-03-25 15:05:48.134913,1,564.1152364543968
2026-03-25 15:05:53.140531,1,409.9560952102066
2026-03-25 15:05:58.143863,1,346.95388742598055
2026-03-25 15:06:03.149388,1,320.73197533142843
2026-03-25 15:06:08.154945,1,412.35421666329546
2026-03-25 15:06:13.160456,1,502.38829604201567
2026-03-25 15:06:18.165894,1,414.6564843337193
2026-03-25 15:06:23.171582,1,497.76500479644005
2026-03-25 15:08:20.931637,0,0
2026-03-25 15:08:25.939745,1,298.2633064927699
2026-03-25 15:08:30.943735,1,216.37467504308356
2026-03-25 15:08:35.949430,1,484.24890294145223
2026-03-25 15:08:40.955042,1,501.0878166549253
2026-03-25 15:08:45.960548,1,463.4058696218683
2026-03-25 15:08:50.963014,1,579.9672404541484
2026-03-25 15:08:55.967011,1,382.4042363782075
2026-03-25 15:09:00.972567,1,419.3184947030121
2026-03-25 15:09:05.978205,1,334.79097956784915
2026-03-25 15:09:10.983282,1,308.70698080866265
2026-03-25 15:09:15.988761,1,458.15499560738175
2026-03-25 15:09:20.994237,1,464.5018837421437
2026-03-25 15:09:26.002554,1,362.1118611699981
2026-03-25 15:09:44.930386,0,0
2026-03-25 15:09:49.936143,1,463.56013633616084
2026-03-25 15:09:54.941658,1,435.54333883093653
2026-03-25 15:13:14.147688,0,0
2026-03-25 15:13:19.153224,1,277.41665415039523
2026-03-25 15:13:24.158797,1,353.63823322712153
2026-03-25 15:13:29.165714,1,904.6750797938452
2026-03-25 15:13:34.171224,0,0.0
2026-03-25 15:13:39.174928,0,0.0
2026-03-25 15:13:44.180336,1,596.8860862844768
2026-03-25 15:14:00.430788,0,0
2026-03-25 15:14:05.436382,1,1036.3030444807157
2026-03-25 15:14:10.441856,0,0.0
2026-03-25 15:14:15.447372,0,0.0
2026-03-25 15:14:20.449646,1,637.8032612020731
2026-03-25 15:14:25.455937,1,468.70993162082664
2026-03-25 15:14:30.462804,1,1499.6016137628021
2026-03-25 15:14:35.463790,0,0.0
2026-03-25 15:14:40.469215,1,590.8113065945844
2026-03-25 15:14:45.470984,1,450.6572977329891
2026-03-25 15:23:41.660671,0,0
2026-03-25 15:23:46.668484,1,409.4984737456295
2026-03-25 15:23:51.674897,1,341.5625857730908
2026-03-25 15:23:56.680555,1,328.6715685908959
2026-03-25 15:24:01.686049,1,403.83783874223576
2026-03-25 15:24:06.691062,1,437.3568337181894
2026-03-25 15:24:11.696738,1,1253.3782350112833
2026-03-25 15:24:16.700504,0,0.0
2026-03-25 15:24:21.706010,1,406.31514862234707
2026-03-25 15:24:26.711581,1,297.4861341306515
2026-03-25 15:24:31.717353,1,491.03665850932146
2026-03-25 15:28:10.759690,0,0
2026-03-25 15:28:15.765220,1,1579.7271916378472
2026-03-25 15:28:20.770968,1,1733.6853809154647
2026-03-25 15:28:25.774963,0,0.0
2026-03-25 15:28:30.783069,0,0.0
2026-03-25 15:28:35.787109,1,385.4400083022
2026-03-25 15:28:40.792589,1,371.3933225032459
2026-03-25 15:57:12.007669,0,0
2026-03-25 15:57:17.013202,1,291.58875149772155
2026-03-25 15:57:22.018710,1,283.21370023358685
2026-03-25 15:57:27.023788,1,320.95170976332247
2026-03-25 15:57:32.029251,1,435.71779858068686
2026-03-25 15:57:37.031509,1,435.71779858068686
2026-03-25 15:57:42.037127,1,435.71779858068686
2026-03-25 15:57:47.042858,1,943.7081116531742
2026-03-25 15:57:52.048452,0,0.0
2026-03-25 15:57:57.053407,1,1148.1855250785911
2026-03-25 15:58:02.057554,1,653.1500593278699
2026-03-25 15:58:07.063165,0,0.0
2026-03-25 15:58:12.068685,1,796.7389785870903
2026-03-25 15:58:17.071029,1,375.7286254732264
2026-03-25 16:01:11.923676,0,0
2026-03-25 16:01:16.929428,1,920.3673179769042
2026-03-25 16:01:21.935100,1,920.3673179769042
2026-03-25 16:01:26.942937,1,621.9212168755782
2026-03-25 16:01:31.946978,1,1183.4931347498386
2026-03-25 16:01:36.952450,0,0.0
2026-03-25 16:01:41.957862,0,0.0
2026-03-25 16:01:46.963240,0,0.0
2026-03-25 16:01:51.963989,1,400.930168483241
2026-03-25 16:01:56.969406,1,500.6365947471279
2026-03-25 16:02:01.975046,1,1312.512857079884
2026-03-25 16:02:06.980970,0,0.0
2026-03-25 16:02:11.984811,1,1054.2888598481918
2026-03-25 16:13:47.851750,0,0
2026-03-25 16:13:52.857526,0,0.0
2026-03-25 16:13:57.862930,0,0.0
2026-03-25 16:14:02.868434,1,459.10891953870816
2026-03-25 16:14:07.875266,1,396.4290604887588
2026-03-25 16:25:46.539747,0,0
2026-03-25 16:25:51.545512,1,573.6941693969009
2026-03-25 16:25:56.550974,1,516.1133596410773
2026-03-25 16:26:01.555195,1,364.1977484828812
2026-03-25 16:26:06.561031,1,429.26099287030496
2026-03-25 16:26:11.300414,0,0
2026-03-25 16:26:16.305621,1,260.7757657452088
2026-03-25 16:26:21.311096,1,260.7757657452088
2026-03-25 16:26:26.316693,1,260.7757657452088
2026-03-25 16:27:19.819753,0,0
2026-03-25 16:27:24.825342,0,0.0
2026-03-25 16:27:29.832045,0,0.0
2026-03-25 16:27:34.837402,1,390.1512527213004
2026-03-25 16:27:39.842938,1,458.2597516692907
2026-03-25 16:27:44.849642,1,442.7053195975851
2026-03-25 16:27:49.850587,1,459.0642656535139
2026-03-25 16:27:54.856108,1,473.4596075696426
2026-03-25 16:27:59.860133,1,501.05887877573826
2026-03-25 16:28:04.864257,1,396.55642725846724
2026-03-25 16:28:09.869813,1,518.8458345211995
2026-03-25 16:28:14.875294,1,454.8516241589119
2026-03-25 16:28:19.880769,1,456.8205336891064
2026-03-25 16:29:47.632075,0,0
2026-03-25 16:29:52.637447,1,591.6164297921416
2026-03-25 16:29:57.643000,1,789.5973657504184
2026-03-25 16:30:02.648424,0,0.0
2026-03-25 16:30:07.653860,0,0.0
2026-03-25 16:30:12.659241,1,572.4482509362746
2026-03-25 16:30:17.664762,1,746.5453770535319
2026-03-25 16:30:22.668263,1,690.0449260736578
2026-03-25 16:30:27.673598,1,1002.7487222629605
2026-03-25 16:30:32.678976,1,740.8596358285421
2026-03-25 16:30:37.684226,1,512.2284646522487
2026-03-25 16:30:42.687224,1,471.80186519343056
2026-03-25 16:30:47.692846,1,542.5062211624859
2026-03-25 16:30:52.698321,1,463.5169899798712
2026-03-25 16:30:57.703047,1,967.4967700204481
2026-03-25 16:31:02.708593,1,550.9600711485361
2026-03-25 16:31:07.713729,1,456.77675072183786
2026-03-25 16:31:12.719226,1,487.0
2026-03-25 16:31:17.724013,1,535.5940627004746
2026-03-25 16:31:22.727991,1,562.8854235099715
2026-03-25 16:31:27.733621,0,0.0
2026-03-25 16:31:32.739091,1,1590.3248095907954
2026-03-25 16:31:37.743046,1,776.3053522937994
2026-03-25 16:31:42.748885,1,900.926745079754
2026-03-25 16:31:47.755007,1,562.9387178015028
2026-03-25 16:31:52.759289,1,562.9387178015028
2026-03-25 16:31:57.763026,1,661.774130651841
2026-03-25 16:32:02.771018,1,609.8934333143783
2026-03-25 16:32:07.776563,1,922.1388181830325
2026-03-25 16:32:12.780513,1,972.9691670345983
2026-03-25 16:32:17.783179,1,816.0306366797756
2026-03-25 16:32:22.788768,1,433.09698682858556
2026-03-25 16:32:27.793382,1,577.8001384561966
2026-03-25 16:32:32.798876,1,364.3212867785795
2026-03-25 16:32:37.803667,1,315.49643421122846
2026-03-25 16:32:42.807145,1,315.49643421122846
2026-03-25 16:32:47.812787,1,540.8974024711156
2026-03-25 16:32:52.818853,1,498.9318590749643
2026-03-25 16:32:57.821014,1,553.8844644869541
2026-03-25 16:33:02.826552,1,1283.5797598902843
2026-03-25 16:33:07.831387,0,0.0
2026-03-25 16:33:12.836804,0,0.0
2026-03-25 16:33:17.842311,1,1021.3349107907749
2026-03-25 16:33:22.843631,1,1001.4814027229862
2026-03-25 16:33:27.849188,1,504.26282829492794
2026-03-25 16:33:32.854987,1,533.6037855937681
2026-03-25 16:33:37.860596,1,547.5481713968187
2026-03-25 16:33:42.866387,1,375.37314768107746
2026-03-25 16:33:47.872276,1,491.87396759739175
2026-03-25 16:33:52.877970,1,502.9612311103113
2026-03-25 16:33:57.882980,1,409.4398612739116
2026-03-25 16:34:02.888440,1,409.4398612739116
2026-03-25 16:34:07.894039,1,295.9746610775997
2026-03-25 16:34:12.899819,1,264.86411610484345
2026-03-25 16:34:17.905824,1,320.8145881969833
2026-03-25 16:34:22.911809,1,309.5561338432821
2026-03-25 16:34:27.917693,1,311.1076983939806
2026-03-25 16:34:32.927084,1,395.80045477487766
2026-03-25 16:34:37.932642,1,235.05318547086316
2026-03-25 16:34:42.938424,1,361.1675511448945
2026-03-25 16:34:47.943958,1,463.06047121299395
2026-03-25 16:34:52.949659,1,422.19071519871204
2026-03-25 16:34:57.955583,1,307.77426793024785
2026-03-25 16:35:02.961143,1,881.76640897689
2026-03-25 16:35:07.966996,1,531.4254416190478
2026-03-25 16:35:12.972664,1,397.75620673975664
2026-03-25 16:35:17.978214,1,494.631175725914
2026-03-25 16:35:22.983922,1,414.77945947213925
2026-03-25 16:35:27.989506,1,373.2023579775455
2026-03-25 16:35:32.995000,1,448.59893000318226
2026-03-25 16:35:38.000656,1,604.345927428985
2026-03-25 16:35:43.004211,1,469.1097952505362
2026-03-25 16:35:48.010029,1,456.3562205120031
2026-03-25 16:35:53.014637,1,549.440624635638
2026-03-25 16:35:58.020105,1,680.5071638124025
2026-03-25 16:36:03.026635,1,359.4495792180038
2026-03-25 16:36:08.028799,1,430.5763579204042
2026-03-25 16:36:13.031159,1,357.23381698825773
2026-03-25 16:36:18.036647,1,610.1704679841528
2026-03-25 16:36:23.042416,1,697.8373736050542
2026-03-25 16:36:28.050995,1,271.7075633838705
2026-03-25 16:36:33.056765,1,225.57482128996577
2026-03-25 16:36:38.062507,1,252.05158202241066
2026-03-25 16:36:43.069554,1,220.78496325610584
2026-03-25 16:36:48.076843,1,212.72047386182646
2026-03-25 16:36:53.080698,1,216.6679487141557
2026-03-25 16:36:58.083668,1,336.1487765856065
2026-03-25 16:37:03.089525,1,448.20642565675024
2026-03-25 16:37:08.094499,1,785.7225973586352
2026-03-25 16:37:13.099753,1,518.1862599490651
2026-03-25 16:37:18.103028,1,405.5724349607601
2026-03-25 16:37:23.110572,1,403.33856745915085
2026-03-25 16:37:28.116233,1,401.90794966011805
2026-03-25 16:37:33.121711,1,748.9539371683682
2026-03-25 16:37:38.125267,1,541.7204075904839
2026-03-25 16:37:43.131000,1,819.6029526545155
2026-03-25 16:37:48.136498,1,821.1607637971995
2026-03-25 16:37:53.142312,1,821.1607637971995
2026-03-25 16:37:58.147190,1,643.2705496134578
2026-03-25 16:38:03.152760,1,526.1302120198003
2026-03-25 16:38:08.159118,1,862.9264163299209
2026-03-25 16:38:13.164694,1,990.4327337078475
2026-03-25 16:38:18.170665,1,436.85810053151124
2026-03-25 16:38:23.176177,1,962.0420988709382
2026-03-25 16:38:28.181650,1,706.2294244790428
2026-03-25 16:38:33.188037,1,818.5163407043258
2026-03-25 16:45:40.749949,0,0
2026-03-25 16:45:45.756138,1,494.63218657907817
2026-03-25 16:45:50.761593,1,494.63218657907817
2026-03-25 16:45:55.769910,1,282.14358046923553
2026-03-25 16:46:00.775808,1,245.94308284641795
2026-03-25 16:46:05.781324,1,237.47420912595962
2026-03-25 16:46:10.790277,1,229.7520402520944
2026-03-25 16:46:15.797411,1,229.7520402520944
2026-03-25 16:46:20.798921,1,306.27601930285044
2026-03-25 16:46:25.804345,1,284.17776126924497
2026-03-25 16:46:30.813567,1,404.5553114223072
2026-03-25 16:46:35.819186,1,434.7321014141928
2026-03-25 16:46:40.823300,1,275.94383486499567
2026-03-25 16:46:45.829137,1,273.0750812505601
2026-03-25 16:46:50.834968,1,272.2590678012396
2026-03-25 16:46:55.843009,1,272.2590678012396
2026-03-25 16:47:00.848622,1,272.2590678012396
2026-03-25 16:47:05.854482,1,272.2590678012396
2026-03-25 16:47:10.860071,1,308.5206638136253
2026-03-25 16:47:15.866927,1,346.5847659664227
2026-03-25 16:47:20.872412,1,589.329279774898
2026-03-25 16:47:25.875727,1,905.5837896075658
